#時刻,脳血流(左),脳血流(左),脳血流(右),脳血流(右),脈拍(左),脈拍(右),M1,M2,M3,M4,M5,M6
6.7,0.015396,-0.085795,-0.097502,-0.212056,78.63908,68.870546,1,0,0,0,0,0
6.8,0.013827,-0.087364,-0.097118,-0.211672,78.06531,69.031466,0,0,0,0,0,0
6.9,0.013867,-0.087324,-0.096264,-0.210818,77.654451,69.11329,0,0,0,0,0,0
7,0.01374,-0.087451,-0.095291,-0.209845,77.699429,69.525719,0,0,0,0,0,0
7.1,0.012943,-0.088248,-0.094801,-0.209355,77.412203,70.080115,0,0,0,0,0,0
7.2,0.011074,-0.090117,-0.094364,-0.208918,77.132678,70.547952,0,0,0,0,0,0
7.3,0.009881,-0.09131,-0.093825,-0.208379,77.119907,71.102348,0,0,0,0,0,0
7.4,0.011476,-0.089715,-0.093467,-0.208021,77.536573,71.356585,0,0,0,0,0,0
7.5,0.012869,-0.088322,-0.092432,-0.206986,77.908987,71.528999,0,0,0,0,0,0
7.6,0.013676,-0.087515,-0.09183,-0.206384,78.108727,71.610823,0,0,0,0,0,0
7.7,0.016131,-0.08506,-0.087995,-0.202549,77.660009,71.692646,0,0,0,0,0,0
7.8,0.020086,-0.081105,-0.081064,-0.195618,78.132343,72.248202,0,0,0,0,0,0
7.9,0.022339,-0.078852,-0.076019,-0.190573,78.42605,72.72179,0,0,0,0,0,0
8,0.02261,-0.078581,-0.074109,-0.188663,78.469014,73.610679,0,0,0,0,0,0
8.1,0.021643,-0.079548,-0.073655,-0.188209,78.137998,74.05582,0,0,0,0,0,0
8.2,0.020348,-0.080843,-0.073625,-0.188179,78.221017,74.228234,0,0,0,0,0,0
8.3,0.018365,-0.082826,-0.074388,-0.188942,78.752932,74.31868,0,0,0,0,0,0
8.4,0.016258,-0.084933,-0.072591,-0.187145,79.178464,74.491094,0,0,0,0,0,0
8.5,0.014195,-0.086996,-0.067414,-0.181968,79.451268,74.745331,0,0,0,0,0,0
8.6,0.014457,-0.086734,-0.060379,-0.174933,80.043505,74.827299,0,0,0,0,0,0
8.7,0.016731,-0.08446,-0.05342,-0.167974,80.52246,75.087432,0,0,0,0,0,0
8.8,0.017208,-0.083983,-0.049108,-0.163662,80.840243,75.341813,0,0,0,0,0,0
8.9,0.015575,-0.085616,-0.048938,-0.163492,80.955491,75.514226,0,0,0,0,0,0
9,0.013695,-0.087496,-0.050661,-0.165215,81.167692,75.598972,0,0,0,0,0,0
9.1,0.01241,-0.088781,-0.052225,-0.166779,81.246185,75.771386,0,0,0,0,0,0
9.2,0.012404,-0.088787,-0.050425,-0.164979,81.46157,75.9438,0,0,0,0,0,0
9.3,0.014024,-0.087167,-0.046059,-0.160613,81.567151,76.034709,0,0,0,0,0,0
9.4,0.015212,-0.085979,-0.041538,-0.156092,81.672731,76.201422,0,0,0,0,0,0
9.5,0.01761,-0.083581,-0.036537,-0.151091,81.856805,76.040502,0,0,0,0,0,0
9.6,0.017785,-0.083406,-0.031906,-0.14646,82.063982,76.040502,0,0,0,0,0,0
9.7,0.012236,-0.088955,-0.030129,-0.144683,82.19763,76.30366,0,0,0,0,0,0
9.8,0.004764,-0.096427,-0.032038,-0.146592,82.19763,76.631529,0,0,0,0,0,0
9.9,-0.000899,-0.10209,-0.033448,-0.148002,82.574806,76.716275,0,0,0,0,0,0
10,-0.004189,-0.10538,-0.031185,-0.145739,82.28461,76.962177,0,0,0,0,0,0
10.1,-0.006423,-0.107614,-0.02714,-0.141694,82.72034,77.29551,0,0,0,0,0,0
10.2,-0.007362,-0.108553,-0.022239,-0.136793,82.692867,77.368998,0,0,0,0,0,0
10.3,-0.007297,-0.108488,-0.017066,-0.13162,82.6264,77.459742,0,0,0,0,0,0
10.4,-0.006146,-0.107337,-0.0119,-0.126454,82.518214,77.550486,0,0,0,0,0,0
10.5,-0.007237,-0.108428,-0.009031,-0.123585,82.65084,77.711642,0,0,0,0,0,0
10.6,-0.009213,-0.110404,-0.009163,-0.123717,82.82178,78.044975,0,0,0,0,0,0
10.7,-0.009872,-0.111063,-0.007778,-0.122332,82.739022,78.378308,0,0,0,0,0,0
10.8,-0.008757,-0.109948,-0.003365,-0.117919,82.766067,78.711128,0,0,0,0,0,0
10.9,-0.004458,-0.105649,0.002105,-0.112449,82.6996,78.959716,0,0,0,0,0,0
11,0.0006,-0.100591,0.007937,-0.106617,82.633132,79.211031,0,0,0,0,0,0
11.1,0.00436,-0.096831,0.013151,-0.101403,83.107848,79.301775,0,0,0,0,0,0
11.2,0.007518,-0.093673,0.017439,-0.097115,83.691182,79.301775,0,0,0,0,0,0
11.3,0.008431,-0.09276,0.017962,-0.096592,83.873553,79.319031,0,0,0,0,0,0
11.4,0.007625,-0.093566,0.016315,-0.098239,83.678747,79.480187,0,0,0,0,0,0
11.5,0.008346,-0.092845,0.017441,-0.097113,84.193033,79.567619,0,0,0,0,0,0
11.6,0.010022,-0.091169,0.021598,-0.092956,84.23202,79.658014,0,0,0,0,0,0
11.7,0.012615,-0.088576,0.027362,-0.087192,84.70821,79.745446,0,0,0,0,0,0
11.8,0.015254,-0.085937,0.033306,-0.081248,85.117815,79.906017,0,0,0,0,0,0
11.9,0.017673,-0.083518,0.038938,-0.075616,85.527419,79.906017,0,0,0,0,0,0
12,0.017911,-0.08328,0.040822,-0.073732,86.306474,79.8453,0,0,0,0,0,0
12.1,0.017549,-0.083642,0.040125,-0.074429,86.822347,79.697152,0,0,0,0,0,0
12.2,0.016063,-0.085128,0.038251,-0.076303,87.167175,79.549004,0,0,0,0,0,0
12.3,0.015197,-0.085994,0.037012,-0.077542,87.512002,79.31046,0,0,0,0,0,0
12.4,0.013029,-0.088162,0.039908,-0.074646,87.421607,79.400856,0,0,0,0,0,0
12.5,0.012208,-0.088983,0.044903,-0.069651,87.712164,79.494368,0,0,0,0,0,0
12.6,0.013194,-0.087997,0.050754,-0.0638,87.747251,79.748452,0,0,0,0,0,0
12.7,0.012764,-0.088427,0.05335,-0.061204,87.461537,79.748452,0,0,0,0,0,0
12.8,0.011234,-0.089957,0.052922,-0.061632,87.629604,79.576203,0,0,0,0,0,0
12.9,0.008716,-0.092475,0.050798,-0.063756,88.069165,79.421211,0,0,0,0,0,0
13,0.006938,-0.094253,0.04871,-0.065844,87.445788,79.178786,0,0,0,0,0,0
13.1,0.005273,-0.095918,0.046408,-0.068146,87.080876,78.845967,0,0,0,0,0,0
13.2,0.005644,-0.095547,0.046648,-0.067906,86.961828,78.685047,0,0,0,0,0,0
13.3,0.006846,-0.094345,0.050295,-0.064259,86.891207,78.685047,0,0,0,0,0,0
13.4,0.007667,-0.093524,0.053194,-0.06136,86.575115,78.845618,0,0,0,0,0,0
13.5,0.007624,-0.093567,0.053116,-0.061438,85.635961,78.660433,0,0,0,0,0,0
13.6,0.00697,-0.094221,0.05139,-0.063164,84.827691,78.475248,0,0,0,0,0,0
13.7,0.006124,-0.095067,0.049335,-0.065219,84.150807,78.290062,0,0,0,0,0,0
13.8,0.005092,-0.096099,0.047044,-0.06751,84.057969,78.104877,0,0,0,0,0,0
13.9,0.005013,-0.096178,0.0452,-0.069354,84.324635,77.599181,0,0,0,0,0,0
14,0.004391,-0.0968,0.044225,-0.070329,84.21035,76.999973,0,0,0,0,0,0
14.1,0.006125,-0.095066,0.047157,-0.067397,83.664895,76.816065,0,0,0,0,0,0
14.2,0.006133,-0.095058,0.04801,-0.066544,83.041518,76.552907,0,0,0,0,0,0
14.3,0.005828,-0.095363,0.047258,-0.067296,82.250075,76.461998,0,0,0,0,0,0
14.4,0.005697,-0.095494,0.046055,-0.068499,81.187137,76.283369,0,0,0,0,0,0
14.5,0.005102,-0.096089,0.044323,-0.070231,81.810514,76.104741,0,0,0,0,0,0
14.6,0.004732,-0.096459,0.042798,-0.071756,81.784285,76.013832,0,0,0,0,0,0
14.7,0.00435,-0.096841,0.041297,-0.073257,81.403332,75.759451,0,0,0,0,0,0
14.8,0.006768,-0.094423,0.040431,-0.074123,81.214391,75.253755,0,0,0,0,0,0
14.9,0.009763,-0.091428,0.040666,-0.073888,80.960307,74.742307,0,0,0,0,0,0
15,0.01277,-0.088421,0.040691,-0.073863,80.960307,74.742307,0,0,0,0,0,0
15.1,0.015988,-0.085203,0.040824,-0.07373,81.850996,74.660339,0,0,0,0,0,0
15.2,0.018727,-0.082464,0.040579,-0.073975,82.623257,74.660339,0,0,0,0,0,0
15.3,0.021321,-0.07987,0.03948,-0.075074,81.382328,74.57262,0,0,0,0,0,0
15.4,0.02389,-0.077301,0.038711,-0.075843,80.425186,74.57262,0,0,0,0,0,0
15.5,0.026707,-0.074484,0.03797,-0.076584,79.825186,74.57262,0,0,0,0,0,0
15.6,0.029495,-0.071696,0.037217,-0.077337,79.727783,74.066873,0,0,0,0,0,0
15.7,0.031417,-0.069774,0.035073,-0.079481,80.35116,73.894459,0,0,0,0,0,0
15.8,0.032976,-0.068215,0.033184,-0.08137,80.593584,73.80674,0,0,0,0,0,0
15.9,0.031559,-0.069632,0.031147,-0.083407,80.408335,73.812492,0,0,0,0,0,0
16,0.029349,-0.071842,0.029277,-0.085277,80.148595,73.984957,0,0,0,0,0,0
16.1,0.028521,-0.07267,0.028308,-0.086246,80.188859,73.90299,0,0,0,0,0,0
16.2,0.027506,-0.073685,0.027366,-0.087188,80.118684,73.90299,0,0,0,0,0,0
16.3,0.026886,-0.074305,0.02671,-0.087844,79.808071,73.897238,0,0,0,0,0,0
16.4,0.026644,-0.074547,0.025975,-0.088579,80.100469,73.812543,0,0,0,0,0,0
16.5,0.027021,-0.07417,0.025567,-0.088987,79.834235,73.640129,0,0,0,0,0,0
16.6,0.02696,-0.074231,0.024357,-0.090197,79.097056,73.549683,0,0,0,0,0,0
16.7,0.026657,-0.074534,0.022882,-0.091672,78.339609,73.461964,0,0,0,0,0,0
16.8,0.026114,-0.075077,0.021435,-0.093119,79.195922,73.461964,0,0,0,0,0,0
16.9,0.025733,-0.075458,0.020079,-0.094475,79.553065,73.461964,0,0,0,0,0,0
17,0.025706,-0.075485,0.018943,-0.095611,79.73825,73.543931,0,0,0,0,0,0
17.1,0.025086,-0.076105,0.017699,-0.096855,80.282747,73.628625,0,0,0,0,0,0
17.2,0.025045,-0.076146,0.017083,-0.097471,79.768461,73.628625,0,0,0,0,0,0
17.3,0.026221,-0.07497,0.019077,-0.095477,79.990683,73.543931,0,0,0,0,0,0
17.4,0.026706,-0.074485,0.019932,-0.094622,79.912609,73.538179,0,0,0,0,0,0
17.5,0.027219,-0.073972,0.019424,-0.09513,79.28565,73.365714,0,0,0,0,0,0
17.6,0.029569,-0.071622,0.019849,-0.094705,78.589648,73.447681,0,0,0,0,0,0
17.7,0.032013,-0.069178,0.02049,-0.094064,78.244523,73.447681,0,0,0,0,0,0
17.8,0.033363,-0.067828,0.020373,-0.094181,78.43591,73.626309,0,0,0,0,0,0
17.9,0.034722,-0.066469,0.020027,-0.094527,77.880355,73.798723,0,0,0,0,0,0
18,0.036924,-0.064267,0.020145,-0.094409,77.789446,73.883417,0,0,0,0,0,0
18.1,0.040453,-0.060738,0.023953,-0.090601,77.463688,73.883417,0,0,0,0,0,0
18.2,0.043189,-0.058002,0.027996,-0.086558,77.436102,73.883417,0,0,0,0,0,0
18.3,0.045252,-0.055939,0.02962,-0.084934,77.236672,73.883417,0,0,0,0,0,0
18.4,0.046515,-0.054676,0.029696,-0.084858,78.3081,74.137799,0,0,0,0,0,0
18.5,0.048293,-0.052898,0.02958,-0.084974,78.480058,74.055831,0,0,0,0,0,0
18.6,0.049536,-0.051655,0.029054,-0.0855,77.750832,74.061583,0,0,0,0,0,0
18.7,0.051121,-0.05007,0.029046,-0.085508,77.550832,74.233997,0,0,0,0,0,0
18.8,0.052002,-0.049189,0.028874,-0.08568,76.907557,74.318692,0,0,0,0,0,0
18.9,0.054568,-0.046623,0.032415,-0.082139,76.992252,74.233997,0,0,0,0,0,0
19,0.058044,-0.043147,0.037842,-0.076712,77.588395,74.233997,0,0,0,0,0,0
19.1,0.05957,-0.041621,0.039966,-0.074588,78.003695,74.146278,0,0,0,0,0,0
19.2,0.060369,-0.040822,0.040354,-0.0742,78.418996,74.312991,0,0,0,0,0,0
19.3,0.060222,-0.040969,0.039658,-0.074896,78.210352,74.467983,0,0,0,0,0,0
19.4,0.059848,-0.041343,0.038682,-0.075872,78.128385,74.386016,0,0,0,0,0,0
19.5,0.059225,-0.041966,0.037736,-0.076818,78.128385,74.473735,0,0,0,0,0,0
19.6,0.058981,-0.04221,0.037087,-0.077467,78.037476,74.646149,0,0,0,0,0,0
19.7,0.059821,-0.04137,0.038955,-0.075599,78.050247,74.646149,0,0,0,0,0,0
19.8,0.059327,-0.041864,0.043959,-0.070595,77.865062,74.646149,0,0,0,0,0,0
19.9,0.057606,-0.043585,0.047315,-0.067239,76.793633,74.473735,0,0,0,0,0,0
20,0.054523,-0.046668,0.047596,-0.066958,77.050525,74.640448,0,0,0,0,0,0
20.1,0.050287,-0.050904,0.045628,-0.068926,77.878112,75.055749,0,0,0,0,0,0
20.2,0.046401,-0.05479,0.043752,-0.070802,78.395353,74.973782,0,0,0,0,0,0
20.3,0.042818,-0.058373,0.042418,-0.072136,78.816406,75.061501,0,0,0,0,0,0
20.4,0.038825,-0.062366,0.041158,-0.073396,79.167283,75.233915,0,0,0,0,0,0
20.5,0.037077,-0.064114,0.043131,-0.071423,78.834463,75.233915,0,0,0,0,0,0
20.6,0.035719,-0.065472,0.047874,-0.06668,78.592039,75.233915,0,0,0,0,0,0
20.7,0.034566,-0.066625,0.052015,-0.062539,78.349615,75.149169,0,0,0,0,0,0
20.8,0.031829,-0.069362,0.052757,-0.061797,78.103713,74.994177,0,0,0,0,0,0
20.9,0.028662,-0.072529,0.052194,-0.06236,78.759451,75.499873,0,0,0,0,0,0
21,0.025544,-0.075647,0.050796,-0.063758,79.243322,75.76303,0,0,0,0,0,0
21.1,0.022946,-0.078245,0.049388,-0.065166,79.328067,75.85394,0,0,0,0,0,0
21.2,0.020652,-0.080539,0.048564,-0.06599,79.328067,75.941659,0,0,0,0,0,0
21.3,0.02052,-0.080671,0.051769,-0.062785,79.751796,75.941659,0,0,0,0,0,0
21.4,0.021882,-0.079309,0.057453,-0.057101,80.08513,75.85394,0,0,0,0,0,0
21.5,0.021499,-0.079692,0.060372,-0.054182,79.562004,75.769194,0,0,0,0,0,0
21.6,0.020325,-0.080866,0.06082,-0.053734,78.562004,75.699018,0,0,0,0,0,0
21.7,0.018727,-0.082464,0.059969,-0.054585,78.044762,76.204714,0,0,0,0,0,0
21.8,0.017214,-0.083977,0.058822,-0.055732,77.711429,76.377128,0,0,0,0,0,0
21.9,0.015378,-0.085813,0.057523,-0.057031,77.53918,76.468037,0,0,0,0,0,0
22,0.01464,-0.086551,0.057111,-0.057443,77.366304,76.555757,0,0,0,0,0,0
22.1,0.015731,-0.08546,0.060724,-0.05383,77.699123,76.555757,0,0,0,0,0,0
22.2,0.017649,-0.083542,0.066554,-0.048,77.941548,76.555757,0,0,0,0,0,0
22.3,0.017115,-0.084076,0.068989,-0.045565,77.941548,76.464847,0,0,0,0,0,0
22.4,0.016276,-0.084915,0.068898,-0.045656,77.280058,76.125864,0,0,0,0,0,0
22.5,0.014346,-0.086845,0.067541,-0.047013,76.708468,76.19604,0,0,0,0,0,0
22.6,0.010591,-0.0906,0.064797,-0.049757,76.623722,76.189877,0,0,0,0,0,0
22.7,0.006963,-0.094228,0.061769,-0.052785,76.356569,76.107909,0,0,0,0,0,0
22.8,0.004134,-0.097057,0.059686,-0.054868,75.932841,76.195629,0,0,0,0,0,0
22.9,0.00375,-0.097441,0.061664,-0.05289,75.599507,76.283348,0,0,0,0,0,0
23,0.003308,-0.097883,0.065894,-0.04866,75.426631,76.283348,0,0,0,0,0,0
23.1,0.002614,-0.098577,0.0679,-0.046654,75.426631,76.02019,0,0,0,0,0,0
23.2,0.003197,-0.097994,0.067452,-0.047102,75.511377,75.596461,0,0,0,0,0,0
23.3,0.004771,-0.09642,0.066037,-0.048517,75.42941,75.424047,0,0,0,0,0,0
23.4,0.005777,-0.095414,0.063916,-0.050638,75.3385,75.333138,0,0,0,0,0,0
23.5,0.006063,-0.095128,0.06164,-0.052914,75.332748,75.251171,0,0,0,0,0,0
23.6,0.006488,-0.094703,0.059491,-0.055063,74.8213,75.33889,0,0,0,0,0,0
23.7,0.00711,-0.094081,0.058421,-0.056133,74.487967,75.33889,0,0,0,0,0,0
23.8,0.010363,-0.090828,0.061622,-0.052932,74.406,75.423636,0,0,0,0,0,0
23.9,0.011918,-0.089273,0.062949,-0.051605,74.411752,75.256923,0,0,0,0,0,0
24,0.012824,-0.088367,0.062003,-0.052551,74.499471,74.92359,0,0,0,0,0,0
24.1,0.012713,-0.088478,0.059959,-0.054595,74.499471,74.751125,0,0,0,0,0,0
24.2,0.012901,-0.08829,0.057584,-0.05697,74.581438,74.745373,0,0,0,0,0,0
24.3,0.013027,-0.088164,0.055197,-0.059357,74.499471,74.745373,0,0,0,0,0,0
24.4,0.013805,-0.087386,0.053249,-0.061305,74.499471,74.663406,0,0,0,0,0,0
24.5,0.014784,-0.086407,0.052561,-0.061993,74.581438,74.754315,0,0,0,0,0,0
24.6,0.017362,-0.083829,0.055701,-0.058853,74.666184,74.926728,0,0,0,0,0,0
24.7,0.019294,-0.081897,0.057623,-0.056931,74.581438,74.926728,0,0,0,0,0,0
24.8,0.020373,-0.080818,0.056577,-0.057977,74.663406,74.926728,0,0,0,0,0,0
24.9,0.020848,-0.080343,0.054715,-0.059839,74.663406,74.839009,0,0,0,0,0,0
25,0.020946,-0.080245,0.052097,-0.062457,74.751125,74.833257,0,0,0,0,0,0
25.1,0.02134,-0.079851,0.049837,-0.064717,74.756877,74.833257,0,0,0,0,0,0
25.2,0.0211,-0.080091,0.047381,-0.067173,74.67491,74.75129,0,0,0,0,0,0
25.3,0.022602,-0.078589,0.047342,-0.067212,74.756877,74.584577,0,0,0,0,0,0
25.4,0.026517,-0.074674,0.050839,-0.063715,74.838844,74.999877,0,0,0,0,0,0
25.5,0.030192,-0.070999,0.053279,-0.061275,74.838844,74.999877,0,0,0,0,0,0
25.6,0.032908,-0.068283,0.052845,-0.061709,75.102002,75.087597,0,0,0,0,0,0
25.7,0.036638,-0.064553,0.052553,-0.062001,75.014283,75.087597,0,0,0,0,0,0
25.8,0.039816,-0.061375,0.051481,-0.063073,75.00191,74.999877,0,0,0,0,0,0
25.9,0.043018,-0.058173,0.049963,-0.064591,75.00191,75.081845,0,0,0,0,0,0
26,0.045781,-0.05541,0.048635,-0.065919,75.09995,74.908968,0,0,0,0,0,0
26.1,0.049476,-0.051715,0.049773,-0.064781,75.106113,74.8213,0,0,0,0,0,0
26.2,0.054385,-0.046806,0.054224,-0.06033,75.106113,75.154634,0,0,0,0,0,0
26.3,0.057045,-0.044146,0.055777,-0.058777,75.197022,75.154634,0,0,0,0,0,0
26.4,0.058958,-0.042233,0.055459,-0.059095,75.287931,75.242353,0,0,0,0,0,0
26.5,0.060236,-0.040955,0.054307,-0.060247,75.372677,75.242353,0,0,0,0,0,0
26.6,0.061635,-0.039556,0.052897,-0.061657,75.53939,75.154634,0,0,0,0,0,0
26.7,0.062911,-0.03828,0.051409,-0.063145,75.621357,75.154634,0,0,0,0,0,0
26.8,0.064351,-0.03684,0.05029,-0.064264,75.712266,75.154634,0,0,0,0,0,0
26.9,0.067736,-0.033455,0.052666,-0.061888,75.912266,75.067202,0,0,0,0,0,0
27,0.071229,-0.029962,0.057212,-0.057342,76.097451,75.239616,0,0,0,0,0,0
27.1,0.073059,-0.028132,0.058486,-0.056068,76.019479,75.151896,0,0,0,0,0,0
27.2,0.074168,-0.027023,0.057537,-0.057017,76.292383,75.239616,0,0,0,0,0,0
27.3,0.075523,-0.025668,0.056054,-0.0585,76.571908,75.327335,0,0,0,0,0,0
27.4,0.076251,-0.02494,0.053999,-0.060555,76.571908,75.327335,0,0,0,0,0,0
27.5,0.076958,-0.024233,0.052461,-0.062093,76.473869,75.327335,0,0,0,0,0,0
27.6,0.078021,-0.02317,0.051604,-0.06295,76.300992,75.160622,0,0,0,0,0,0
27.7,0.080996,-0.020195,0.054898,-0.059656,76.213273,75.160622,0,0,0,0,0,0
27.8,0.085071,-0.01612,0.059882,-0.054672,76.034645,75.333036,0,0,0,0,0,0
27.9,0.088056,-0.013135,0.062053,-0.052501,75.943736,75.423945,0,0,0,0,0,0
28,0.090612,-0.010579,0.061288,-0.053266,76.282719,75.511664,0,0,0,0,0,0
28.1,0.092993,-0.008198,0.059401,-0.055153,76.197973,75.599383,0,0,0,0,0,0
28.2,0.094292,-0.006899,0.05741,-0.057144,76.288882,75.681351,0,0,0,0,0,0
28.3,0.093887,-0.007304,0.055271,-0.059283,76.197973,75.681351,0,0,0,0,0,0
28.4,0.095709,-0.005482,0.056786,-0.057768,75.910254,75.607863,0,0,0,0,0,0
28.5,0.098062,-0.003129,0.060764,-0.05379,75.725068,75.768782,0,0,0,0,0,0
28.6,0.101283,9.2E-05,0.065772,-0.048782,75.539883,76.028915,0,0,0,0,0,0
28.7,0.103335,0.002144,0.069887,-0.044667,75.688031,76.119825,0,0,0,0,0,0
28.8,0.103069,0.001878,0.069998,-0.044556,75.836179,76.210734,0,0,0,0,0,0
28.9,0.101628,0.000437,0.067874,-0.04668,76.169513,76.301643,0,0,0,0,0,0
29,0.101254,6.3E-05,0.0657,-0.048854,76.087546,76.474519,0,0,0,0,0,0
29.1,0.103314,0.002123,0.066834,-0.04772,76.169513,76.647395,0,0,0,0,0,0
29.2,0.106444,0.005253,0.071023,-0.043531,76.257232,76.647395,0,0,0,0,0,0
29.3,0.109799,0.008608,0.076264,-0.03829,76.344951,76.808315,0,0,0,0,0,0
29.4,0.112659,0.011468,0.081749,-0.032805,76.262984,77.141135,0,0,0,0,0,0
29.5,0.115298,0.014107,0.086103,-0.028451,75.757288,77.404293,0,0,0,0,0,0
29.6,0.115646,0.014455,0.086208,-0.028346,75.757288,77.589478,0,0,0,0,0,0
29.7,0.115346,0.014155,0.084979,-0.029575,75.666379,77.774663,0,0,0,0,0,0
29.8,0.115788,0.014597,0.085621,-0.028933,75.666379,77.947539,0,0,0,0,0,0
29.9,0.118083,0.016892,0.089772,-0.024782,75.845007,78.038283,0,0,0,0,0,0
30,0.120681,0.01949,0.095414,-0.01914,75.935917,78.038283,0,0,0,0,0,0
30.1,0.123408,0.022217,0.10131,-0.013244,76.135917,78.289598,0,0,0,0,0,0
30.2,0.126117,0.024926,0.107154,-0.0074,76.516869,78.622418,0,0,0,0,0,0
30.3,0.126535,0.025344,0.110614,-0.00394,76.897821,78.794667,0,0,0,0,0,0
30.4,0.125003,0.023812,0.110214,-0.00434,77.3272,78.888943,0,0,0,0,0,0
30.5,0.122087,0.020896,0.108153,-0.006401,77.500076,78.970448,0,0,0,0,0,0
30.6,0.121106,0.019915,0.109537,-0.005017,77.67249,79.051952,0,0,0,0,0,0
30.7,0.119067,0.017876,0.11298,-0.001574,77.757236,79.142348,0,0,0,0,0,0
30.8,0.118506,0.017315,0.118073,0.003519,77.557236,79.142348,0,0,0,0,0,0
30.9,0.118051,0.01686,0.123644,0.00909,77.544863,79.142348,0,0,0,0,0,0
31,0.118224,0.017033,0.129357,0.014803,77.62683,79.236333,0,0,0,0,0,0
31.1,0.116771,0.01558,0.131887,0.017333,77.42683,79.40829,0,0,0,0,0,0
31.2,0.114621,0.01343,0.130659,0.016105,77.154103,79.469007,0,0,0,0,0,0
31.3,0.112218,0.011027,0.127907,0.013353,76.881376,79.623999,0,0,0,0,0,0
31.4,0.111335,0.010144,0.127988,0.013434,76.605282,79.533255,0,0,0,0,0,0
31.5,0.112043,0.010852,0.131469,0.016915,76.599118,79.533255,0,0,0,0,0,0
31.6,0.112717,0.011526,0.136071,0.021517,76.399118,79.44286,0,0,0,0,0,0
31.7,0.113791,0.0126,0.141151,0.026597,75.390715,79.352464,0,0,0,0,0,0
31.8,0.114638,0.013447,0.145703,0.031149,74.204731,79.446449,0,0,0,0,0,0
31.9,0.113952,0.012761,0.146744,0.03219,73.057404,79.684993,0,0,0,0,0,0
32,0.111669,0.010478,0.144407,0.029853,72.647346,79.845913,0,0,0,0,0,0
32.1,0.109716,0.008525,0.141475,0.026921,72.058265,80.006832,0,0,0,0,0,0
32.2,0.107937,0.006746,0.138979,0.024425,71.679402,79.755517,0,0,0,0,0,0
32.3,0.108155,0.006964,0.141121,0.026567,72.162421,79.594598,0,0,0,0,0,0
32.4,0.108752,0.007561,0.145223,0.030669,72.441946,79.343283,0,0,0,0,0,0
32.5,0.110264,0.009073,0.149733,0.035179,72.532855,79.158553,0,0,0,0,0,0
32.6,0.11112,0.009929,0.153468,0.038914,72.823764,78.973824,0,0,0,0,0,0
32.7,0.110077,0.008886,0.152773,0.038219,72.911306,79.151652,0,0,0,0,0,0
32.8,0.108573,0.007382,0.150171,0.035617,73.184033,79.239083,0,0,0,0,0,0
32.9,0.106011,0.00482,0.14688,0.032326,73.369218,79.400003,0,0,0,0,0,0
33,0.102938,0.001747,0.143384,0.02883,73.112059,79.239083,0,0,0,0,0,0
33.1,0.10021,-0.000981,0.141621,0.027067,73.017719,78.90575,0,0,0,0,0,0
33.2,0.097616,-0.003575,0.143674,0.02912,73.224118,78.663326,0,0,0,0,0,0
33.3,0.095445,-0.005746,0.147204,0.03265,73.608096,78.390929,0,0,0,0,0,0
33.4,0.092291,-0.0089,0.148151,0.033597,73.904992,77.9672,0,0,0,0,0,0
33.5,0.088359,-0.012832,0.146447,0.031893,74.136422,77.80628,0,0,0,0,0,0
33.6,0.084044,-0.017147,0.143889,0.029335,74.280362,77.80628,0,0,0,0,0,0
33.7,0.079986,-0.021205,0.140654,0.0261,74.48676,77.879768,0,0,0,0,0,0
33.8,0.076455,-0.024736,0.137299,0.022745,74.116022,77.625387,0,0,0,0,0,0
33.9,0.073529,-0.027662,0.134053,0.019499,73.758423,77.452973,0,0,0,0,0,0
34,0.070688,-0.030503,0.132532,0.017978,73.573174,77.280559,0,0,0,0,0,0
34.1,0.067553,-0.033638,0.131735,0.017181,73.394546,77.108146,0,0,0,0,0,0
34.2,0.063703,-0.037488,0.129221,0.014667,73.492012,76.684417,0,0,0,0,0,0
34.3,0.060363,-0.040828,0.126532,0.011978,73.319598,76.441993,0,0,0,0,0,0
34.4,0.056743,-0.044448,0.123148,0.008594,73.147184,76.199568,0,0,0,0,0,0
34.5,0.053305,-0.047886,0.119804,0.00525,72.902931,76.027155,0,0,0,0,0,0
34.6,0.050132,-0.051059,0.116518,0.001964,72.678122,75.945187,0,0,0,0,0,0
34.7,0.047075,-0.054116,0.113293,-0.001261,72.580656,75.772311,0,0,0,0,0,0
34.8,0.042641,-0.05855,0.107472,-0.007082,72.468375,75.599846,0,0,0,0,0,0
34.9,0.038407,-0.062784,0.101058,-0.013496,72.889428,75.427432,0,0,0,0,0,0
35,0.035069,-0.066122,0.096335,-0.018219,73.33429,75.173051,0,0,0,0,0,0
35.1,0.032073,-0.069118,0.092216,-0.022338,73.705056,74.839718,0,0,0,0,0,0
35.2,0.030621,-0.07057,0.088913,-0.025641,73.698436,74.593816,0,0,0,0,0,0
35.3,0.029627,-0.071564,0.085386,-0.029168,73.971341,74.593816,0,0,0,0,0,0
35.4,0.028137,-0.073054,0.081953,-0.032601,73.958569,74.511849,0,0,0,0,0,0
35.5,0.026111,-0.07508,0.078064,-0.03649,74.052909,74.339435,0,0,0,0,0,0
35.6,0.022524,-0.078667,0.070826,-0.043728,74.225374,74.167021,0,0,0,0,0,0
35.7,0.018614,-0.082577,0.060781,-0.053773,74.397839,73.994608,0,0,0,0,0,0
35.8,0.016177,-0.085014,0.053511,-0.061043,74.654998,73.649461,0,0,0,0,0,0
35.9,0.014456,-0.086735,0.048758,-0.065796,75.09057,73.225219,0,0,0,0,0,0
36,0.012884,-0.088307,0.044892,-0.069662,75.507237,72.891886,0,0,0,0,0,0
36.1,0.011463,-0.089728,0.041785,-0.072769,75.553659,72.640519,0,0,0,0,0,0
36.2,0.009201,-0.09199,0.03866,-0.075894,75.651124,72.550073,0,0,0,0,0,0
36.3,0.007409,-0.093782,0.035703,-0.078851,75.596887,72.383555,0,0,0,0,0,0
36.4,0.003839,-0.097352,0.029364,-0.08519,75.009316,72.301731,0,0,0,0,0,0
36.5,-0.000993,-0.102184,0.019945,-0.094609,74.31884,72.129461,0,0,0,0,0,0
36.6,-0.005882,-0.107073,0.009689,-0.104865,73.887468,71.875224,0,0,0,0,0,0
36.7,-0.008214,-0.109405,0.003466,-0.111088,73.571971,71.403526,0,0,0,0,0,0
36.8,-0.009617,-0.110808,-0.0002,-0.114754,73.053453,71.013795,0,0,0,0,0,0
36.9,-0.010443,-0.111634,-0.002737,-0.117291,72.828802,70.624064,0,0,0,0,0,0
37,-0.011031,-0.112222,-0.004639,-0.119193,72.311561,70.357881,0,0,0,0,0,0
37.1,-0.011604,-0.112795,-0.005799,-0.120353,71.709573,70.276058,0,0,0,0,0,0
37.2,-0.01258,-0.113771,-0.007665,-0.122219,71.186231,70.194234,0,0,0,0,0,0
37.3,-0.015528,-0.116719,-0.014237,-0.128791,70.929072,70.115138,0,0,0,0,0,0
37.4,-0.019046,-0.120237,-0.022609,-0.137163,70.308771,70.115138,0,0,0,0,0,0
37.5,-0.023356,-0.124547,-0.031466,-0.14602,69.870174,69.892916,0,0,0,0,0,0
37.6,-0.02742,-0.128611,-0.039869,-0.154423,69.62566,69.559583,0,0,0,0,0,0
37.7,-0.029077,-0.130268,-0.043998,-0.158552,69.241681,69.095633,0,0,0,0,0,0
37.8,-0.030468,-0.131659,-0.045573,-0.160127,69.057322,68.713507,0,0,0,0,0,0
37.9,-0.031078,-0.132269,-0.046054,-0.160608,68.872963,68.33138,0,0,0,0,0,0
38,-0.031699,-0.13289,-0.046115,-0.160669,68.7677,68.068376,0,0,0,0,0,0
38.1,-0.033182,-0.134373,-0.047962,-0.162516,68.74389,67.98928,0,0,0,0,0,0
38.2,-0.03645,-0.137641,-0.054234,-0.168788,68.74389,68.127645,0,0,0,0,0,0
38.3,-0.03988,-0.141071,-0.061829,-0.176383,68.989504,68.26601,0,0,0,0,0,0
38.4,-0.044229,-0.14542,-0.069941,-0.184495,69.042198,68.071041,0,0,0,0,0,0
38.5,-0.047733,-0.148924,-0.077412,-0.191966,69.042198,67.842971,0,0,0,0,0,0
38.6,-0.048173,-0.149364,-0.080838,-0.195392,69.087741,67.460845,0,0,0,0,0,0
38.7,-0.047506,-0.148697,-0.081668,-0.196222,69.087741,67.078718,0,0,0,0,0,0
38.8,-0.046592,-0.147783,-0.081381,-0.195935,68.742913,66.775688,0,0,0,0,0,0
38.9,-0.045802,-0.146993,-0.080509,-0.195063,68.742913,66.59178,0,0,0,0,0,0
39,-0.046006,-0.147197,-0.081522,-0.196076,68.824367,66.814002,0,0,0,0,0,0
39.1,-0.048147,-0.149338,-0.086646,-0.2012,68.984465,67.147335,0,0,0,0,0,0
39.2,-0.051022,-0.152213,-0.092564,-0.207118,68.938922,67.450366,0,0,0,0,0,0
39.3,-0.054457,-0.155648,-0.099181,-0.213735,68.860277,67.420063,0,0,0,0,0,0
39.4,-0.055993,-0.157184,-0.103169,-0.217723,68.860277,67.420063,0,0,0,0,0,0
39.5,-0.05532,-0.156511,-0.103886,-0.21844,69.026146,67.30094,0,0,0,0,0,0
39.6,-0.054238,-0.155429,-0.103174,-0.217728,69.110562,66.99791,0,0,0,0,0,0
39.7,-0.052813,-0.154004,-0.102027,-0.216581,69.247671,66.69488,0,0,0,0,0,0
39.8,-0.051507,-0.152698,-0.100514,-0.215068,69.062663,66.589617,0,0,0,0,0,0
39.9,-0.052183,-0.153374,-0.102074,-0.216628,69.147078,66.92295,0,0,0,0,0,0
40,-0.05413,-0.155321,-0.106644,-0.221198,69.410083,67.256283,0,0,0,0,0,0
40.1,-0.056438,-0.157629,-0.111993,-0.226547,69.443184,67.299427,0,0,0,0,0,0
40.2,-0.059671,-0.160862,-0.117425,-0.231979,69.28856,67.269124,0,0,0,0,0,0
40.3,-0.060328,-0.161519,-0.118524,-0.233078,69.212581,67.349932,0,0,0,0,0,0
40.4,-0.059544,-0.160735,-0.117201,-0.231755,69.212581,67.349932,0,0,0,0,0,0
40.5,-0.058278,-0.159469,-0.114958,-0.229512,69.212581,67.090045,0,0,0,0,0,0
40.6,-0.057111,-0.158302,-0.112362,-0.226916,69.131128,66.906137,0,0,0,0,0,0
40.7,-0.056362,-0.157553,-0.110077,-0.224631,69.209773,66.906137,0,0,0,0,0,0
40.8,-0.057851,-0.159042,-0.111697,-0.226251,69.369871,67.23947,0,0,0,0,0,0
40.9,-0.060188,-0.161379,-0.115893,-0.230447,69.451325,67.465998,0,0,0,0,0,0
41,-0.062636,-0.163827,-0.120717,-0.235271,69.285456,67.509141,0,0,0,0,0,0
41.1,-0.063141,-0.164332,-0.123412,-0.237966,69.20104,67.478838,0,0,0,0,0,0
41.2,-0.061393,-0.162584,-0.12242,-0.236974,68.880547,67.559646,0,0,0,0,0,0
41.3,-0.05967,-0.160861,-0.120279,-0.234833,68.560054,67.559646,0,0,0,0,0,0
41.4,-0.057415,-0.158606,-0.117527,-0.232081,68.239561,67.454383,0,0,0,0,0,0
41.5,-0.055379,-0.15657,-0.114996,-0.22955,67.900578,67.34912,0,0,0,0,0,0
41.6,-0.053166,-0.154357,-0.112668,-0.227222,67.867476,67.503743,0,0,0,0,0,0
41.7,-0.053967,-0.155158,-0.114501,-0.229055,67.988998,67.760574,0,0,0,0,0,0
41.8,-0.055833,-0.157024,-0.118587,-0.233141,68.110521,67.798888,0,0,0,0,0,0
41.9,-0.057364,-0.158555,-0.122083,-0.236637,67.950422,67.798888,0,0,0,0,0,0
42,-0.056158,-0.157349,-0.121967,-0.236521,67.974232,67.874867,0,0,0,0,0,0
42.1,-0.05481,-0.156001,-0.120946,-0.2355,68.079495,67.982272,0,0,0,0,0,0
42.2,-0.053232,-0.154423,-0.119458,-0.234012,68.263854,67.877009,0,0,0,0,0,0
42.3,-0.051702,-0.152893,-0.117268,-0.231822,68.1824,67.771746,0,0,0,0,0,0
42.4,-0.05,-0.151191,-0.115249,-0.229803,68.100947,67.742986,0,0,0,0,0,0
42.5,-0.047985,-0.149176,-0.113036,-0.22759,68.100947,67.92637,0,0,0,0,0,0
42.6,-0.046219,-0.14741,-0.111272,-0.225826,67.974219,68.259703,0,0,0,0,0,0
42.7,-0.045794,-0.146985,-0.111603,-0.226157,67.974219,68.653969,0,0,0,0,0,0
42.8,-0.04445,-0.145641,-0.11059,-0.225144,68.313202,68.838328,0,0,0,0,0,0
42.9,-0.042805,-0.143996,-0.108769,-0.223323,68.573089,68.943591,0,0,0,0,0,0
43,-0.040758,-0.141949,-0.10643,-0.220984,68.912072,69.12795,0,0,0,0,0,0
43.1,-0.03868,-0.139871,-0.103856,-0.21841,69.211356,69.484579,0,0,0,0,0,0
43.2,-0.035936,-0.137127,-0.1008,-0.215354,69.521764,69.812448,0,0,0,0,0,0
43.3,-0.033533,-0.134724,-0.097798,-0.212352,69.821048,70.157276,0,0,0,0,0,0
43.4,-0.030276,-0.131467,-0.094494,-0.209048,70.084052,70.502103,0,0,0,0,0,0
43.5,-0.027289,-0.12848,-0.090465,-0.205019,70.335418,70.765108,0,0,0,0,0,0
43.6,-0.024889,-0.12608,-0.085855,-0.200409,70.586784,71.013653,0,0,0,0,0,0
43.7,-0.02261,-0.123801,-0.081481,-0.196035,70.668608,71.370283,0,0,0,0,0,0
43.8,-0.020387,-0.121578,-0.077432,-0.191986,70.934791,71.636465,0,0,0,0,0,0
43.9,-0.017941,-0.119132,-0.073512,-0.188066,71.285668,71.902648,0,0,0,0,0,0
44,-0.015417,-0.116608,-0.069643,-0.184197,71.636545,72.14007,0,0,0,0,0,0
44.1,-0.012394,-0.113585,-0.065569,-0.180123,72.032697,72.391436,0,0,0,0,0,0
44.2,-0.008953,-0.110144,-0.061839,-0.176393,72.453503,72.298489,0,0,0,0,0,0
44.3,-0.004632,-0.105823,-0.057037,-0.171591,72.70774,72.380313,0,0,0,0,0,0
44.4,-0.000371,-0.101562,-0.050501,-0.165055,72.959107,72.631679,0,0,0,0,0,0
44.5,0.002872,-0.098319,-0.044591,-0.159145,73.125625,72.803949,0,0,0,0,0,0
44.6,0.006585,-0.094606,-0.039268,-0.153822,73.210319,72.798197,0,0,0,0,0,0
44.7,0.009742,-0.091449,-0.034021,-0.148575,73.199196,72.70775,0,0,0,0,0,0
44.8,0.013492,-0.087699,-0.029246,-0.1438,73.28389,72.792445,0,0,0,0,0,0
44.9,0.017074,-0.084117,-0.024351,-0.138905,73.538127,72.964859,0,0,0,0,0,0
45,0.020803,-0.080388,-0.019543,-0.134097,73.525755,73.310005,0,0,0,0,0,0
45.1,0.024524,-0.076667,-0.01491,-0.129464,73.513383,73.376956,0,0,0,0,0,0
45.2,0.029151,-0.07204,-0.008929,-0.123483,73.413069,73.273738,0,0,0,0,0,0
45.3,0.032996,-0.068195,-0.002845,-0.117399,73.497764,73.358432,0,0,0,0,0,0
45.4,0.036341,-0.06485,0.003033,-0.111521,73.413069,73.358432,0,0,0,0,0,0
45.5,0.039644,-0.061547,0.008347,-0.106207,73.328375,73.358432,0,0,0,0,0,0
45.6,0.043334,-0.057857,0.013593,-0.100961,73.24368,73.267986,0,0,0,0,0,0
45.7,0.046657,-0.054534,0.018589,-0.095965,73.328375,73.434504,0,0,0,0,0,0
45.8,0.050244,-0.050947,0.023659,-0.090895,73.328375,73.519198,0,0,0,0,0,0
45.9,0.053653,-0.047538,0.028711,-0.085843,73.6735,73.601165,0,0,0,0,0,0
46,0.057296,-0.043895,0.033665,-0.080889,73.576034,73.497947,0,0,0,0,0,0
46.1,0.060902,-0.040289,0.039244,-0.07531,73.754662,73.312939,0,0,0,0,0,0
46.2,0.063689,-0.037502,0.044562,-0.069992,73.754662,73.485353,0,0,0,0,0,0
46.3,0.066493,-0.034698,0.049768,-0.064786,73.669968,73.400659,0,0,0,0,0,0
46.4,0.069015,-0.032176,0.054763,-0.059791,73.497554,73.228245,0,0,0,0,0,0
46.5,0.071901,-0.02929,0.05998,-0.054574,73.504174,72.964922,0,0,0,0,0,0
46.6,0.074729,-0.026462,0.064867,-0.049687,73.598514,72.971542,0,0,0,0,0,0
46.7,0.078208,-0.022983,0.070019,-0.044535,73.96215,73.07476,0,0,0,0,0,0
46.8,0.081388,-0.019803,0.074833,-0.039721,73.864684,72.908242,0,0,0,0,0,0
46.9,0.084045,-0.017146,0.078948,-0.035606,73.74298,72.908242,0,0,0,0,0,0
47,0.086256,-0.014935,0.083771,-0.030783,73.827675,72.998689,0,0,0,0,0,0
47.1,0.088766,-0.012425,0.089232,-0.025322,73.827675,72.998689,0,0,0,0,0,0
47.2,0.090959,-0.010232,0.094429,-0.020125,73.74298,72.913994,0,0,0,0,0,0
47.3,0.093586,-0.007605,0.099704,-0.01485,73.570567,72.8293,0,0,0,0,0,0
47.4,0.095973,-0.005218,0.104806,-0.009748,73.21969,72.656886,0,0,0,0,0,0
47.5,0.098563,-0.002628,0.109625,-0.004929,73.404875,72.754352,0,0,0,0,0,0
47.6,0.101191,0,0.114554,0,73.12878,72.772842,0,1,0,0,0,0
47.7,0.102464,0.001273,0.117483,0.002929,73.007077,72.518605,0,0,0,0,0,0
47.8,0.103523,0.002332,0.1188,0.004246,72.906763,72.357685,0,0,0,0,0,0
47.9,0.105271,0.00408,0.12217,0.007616,72.906763,72.448132,0,0,0,0,0,0
48,0.107284,0.006093,0.126707,0.012153,72.822069,72.366308,0,0,0,0,0,0
48.1,0.109354,0.008163,0.13102,0.016466,72.649655,72.281614,0,0,0,0,0,0
48.2,0.112192,0.011001,0.135558,0.021004,72.386332,72.109344,0,0,0,0,0,0
48.3,0.114378,0.013187,0.139306,0.024752,72.571517,72.191167,0,0,0,0,0,0
48.4,0.115956,0.014765,0.142748,0.028194,72.68045,72.109344,0,0,0,0,0,0
48.5,0.11691,0.015719,0.144946,0.030392,72.768169,71.937074,0,0,0,0,0,0
48.6,0.115247,0.014056,0.142815,0.028261,72.940583,71.776154,0,0,0,0,0,0
48.7,0.115257,0.014066,0.14271,0.028156,73.025277,71.787278,0,0,0,0,0,0
48.8,0.115673,0.014482,0.14437,0.029816,72.943454,71.705454,0,0,0,0,0,0
48.9,0.116742,0.015551,0.146581,0.032027,72.858759,71.544535,0,0,0,0,0,0
49,0.117776,0.016585,0.148922,0.034368,72.604522,71.378017,0,0,0,0,0,0
49.1,0.118224,0.017033,0.151098,0.036544,72.617293,71.470964,0,0,0,0,0,0
49.2,0.118736,0.017545,0.153072,0.038518,72.638684,71.470964,0,0,0,0,0,0
49.3,0.118731,0.01754,0.15425,0.039696,72.526796,71.55006,0,0,0,0,0,0
49.4,0.117631,0.01644,0.15211,0.037556,72.314594,71.37779,0,0,0,0,0,0
49.5,0.117171,0.01598,0.151255,0.036701,72.129865,71.37779,0,0,0,0,0,0
49.6,0.116331,0.01514,0.151102,0.036548,72.214559,71.388913,0,0,0,0,0,0
49.7,0.115693,0.014502,0.150691,0.036137,72.132736,71.309817,0,0,0,0,0,0
49.8,0.115186,0.013995,0.150901,0.036347,72.050769,71.227993,0,0,0,0,0,0
49.9,0.114465,0.013274,0.150623,0.036069,72.074664,71.297046,0,0,0,0,0,0
50,0.114295,0.013104,0.150771,0.036217,71.90225,71.463564,0,0,0,0,0,0
50.1,0.113932,0.012741,0.151226,0.036672,71.729836,71.624483,0,0,0,0,0,0
50.2,0.114905,0.013714,0.15407,0.039516,71.735588,71.61336,0,0,0,0,0,0
50.3,0.114309,0.013118,0.154587,0.040033,71.907858,71.695183,0,0,0,0,0,0
50.4,0.113476,0.012285,0.153471,0.038917,71.907858,71.940797,0,0,0,0,0,0
50.5,0.112601,0.01141,0.152428,0.037874,72.080128,71.940797,0,0,0,0,0,0
50.6,0.11113,0.009939,0.150674,0.03612,72.170575,71.768754,0,0,0,0,0,0
50.7,0.11013,0.008939,0.149153,0.034599,72.443302,71.728874,0,0,0,0,0,0
50.8,0.10914,0.007949,0.147929,0.033375,72.827917,71.888771,0,0,0,0,0,0
50.9,0.110136,0.008945,0.150522,0.035968,73.124813,71.970595,0,0,0,0,0,0
51,0.111733,0.010542,0.155371,0.040817,73.481956,72.137113,0,0,0,0,0,0
51.1,0.111924,0.010733,0.157718,0.043164,73.569676,72.298403,0,0,0,0,0,0
51.2,0.110844,0.009653,0.156765,0.042211,73.996327,72.631737,0,0,0,0,0,0
51.3,0.109894,0.008703,0.154761,0.040207,74.16304,73.403215,0,0,0,0,0,0
51.4,0.108928,0.007737,0.15197,0.037416,74.32433,73.506433,0,0,0,0,0,0
51.5,0.10773,0.006539,0.149172,0.034618,74.496744,73.594153,0,0,0,0,0,0
51.6,0.107775,0.006584,0.149303,0.034749,74.669158,73.766566,0,0,0,0,0,0
51.7,0.108926,0.007735,0.152712,0.038158,74.751125,73.93898,0,0,0,0,0,0
51.8,0.110553,0.009362,0.157447,0.042893,74.833092,74.111394,0,0,0,0,0,0
51.9,0.112231,0.01104,0.161594,0.04704,75.090252,74.283859,0,0,0,0,0,0
52,0.111889,0.010698,0.161153,0.046599,75.344633,74.71051,0,0,0,0,0,0
52.1,0.110231,0.00904,0.157828,0.043274,75.672501,75.128589,0,0,0,0,0,0
52.2,0.108786,0.007595,0.154168,0.039614,75.757247,75.422707,0,0,0,0,0,0
52.3,0.107148,0.005957,0.149903,0.035349,75.757247,75.517046,0,0,0,0,0,0
52.4,0.107821,0.00663,0.149888,0.035334,75.844967,75.774206,0,0,0,0,0,0
52.5,0.108859,0.007668,0.152685,0.038131,75.929712,76.195259,0,0,0,0,0,0
52.6,0.110531,0.00934,0.15637,0.041816,76.014458,76.367672,0,0,0,0,0,0
52.7,0.112818,0.011627,0.160292,0.045738,76.175378,76.367672,0,0,0,0,0,0
52.8,0.114002,0.012811,0.161867,0.047313,76.423965,75.94134,0,0,0,0,0,0
52.9,0.11355,0.012359,0.159115,0.044561,76.757298,76.208492,0,0,0,0,0,0
53,0.114811,0.01362,0.154347,0.039793,76.675331,76.299402,0,0,0,0,0,0
53.1,0.115291,0.0141,0.149219,0.034665,76.593364,76.299402,0,0,0,0,0,0
53.2,0.11563,0.014439,0.146965,0.032411,76.593364,76.384147,0,0,0,0,0,0
53.3,0.118317,0.017126,0.148988,0.034434,76.593364,76.717481,0,0,0,0,0,0
53.4,0.121593,0.020402,0.151985,0.037431,76.771776,76.966068,0,0,0,0,0,0
53.5,0.125091,0.0239,0.155425,0.040871,77.213397,76.97884,0,0,0,0,0,0
53.6,0.128671,0.02748,0.1582,0.043646,77.581531,76.894094,0,0,0,0,0,0
53.7,0.129847,0.028656,0.156717,0.042163,78.014027,76.985003,0,0,0,0,0,0
53.8,0.13019,0.028999,0.152452,0.037898,78.34736,76.985003,0,0,0,0,0,0
53.9,0.13006,0.028869,0.147673,0.033119,78.519774,76.991166,0,0,0,0,0,0
54,0.131659,0.030468,0.146134,0.03158,78.435028,76.843018,0,0,0,0,0,0
54.1,0.134079,0.032888,0.147418,0.032864,78.350282,77.003938,0,0,0,0,0,0
54.2,0.136377,0.035186,0.149493,0.034939,78.016949,77.337271,0,0,0,0,0,0
54.3,0.13832,0.037129,0.151611,0.037057,77.774525,77.670091,0,0,0,0,0,0
54.4,0.139861,0.03867,0.152791,0.038237,77.704349,77.575815,0,0,0,0,0,0
54.5,0.139377,0.038186,0.149758,0.035204,78.210045,77.670091,0,0,0,0,0,0
54.6,0.138503,0.037312,0.145517,0.030963,78.809254,77.855276,0,0,0,0,0,0
54.7,0.137346,0.036155,0.141227,0.026673,79.232983,77.955715,0,0,0,0,0,0
54.8,0.137569,0.036378,0.140916,0.026362,79.232983,77.794796,0,0,0,0,0,0
54.9,0.139216,0.038025,0.143208,0.028654,79.05457,77.794796,0,0,0,0,0,0
55,0.140511,0.03932,0.145924,0.03137,78.440535,78.033339,0,0,0,0,0,0
55.1,0.142168,0.040977,0.148416,0.033862,78.250229,78.296497,0,0,0,0,0,0
55.2,0.141073,0.039882,0.146431,0.031877,78.156717,78.390773,0,0,0,0,0,0
55.3,0.140029,0.038838,0.142363,0.027809,78.340625,78.575959,0,0,0,0,0,0
55.4,0.138821,0.03763,0.137799,0.023245,78.685452,78.569795,0,0,0,0,0,0
55.5,0.139654,0.038463,0.134373,0.019819,78.776361,78.469356,0,0,0,0,0,0
55.6,0.143604,0.042413,0.135822,0.021268,78.591176,78.469356,0,0,0,0,0,0
55.7,0.147898,0.046707,0.140131,0.025577,78.405991,78.469356,0,0,0,0,0,0
55.8,0.151473,0.050282,0.143637,0.029083,78.227362,78.308785,0,0,0,0,0,0
55.9,0.154444,0.053253,0.143903,0.029349,77.691477,78.308785,0,0,0,0,0,0
56,0.157295,0.056104,0.1417,0.027146,77.691477,78.214509,0,0,0,0,0,0
56.1,0.160139,0.058948,0.138417,0.023863,77.774236,78.120233,0,0,0,0,0,0
56.2,0.162554,0.061363,0.134148,0.019594,77.805053,78.025957,0,0,0,0,0,0
56.3,0.16623,0.065039,0.132137,0.017583,77.805053,78.116701,0,0,0,0,0,0
56.4,0.170586,0.069395,0.133894,0.01934,77.632588,78.116701,0,0,0,0,0,0
56.5,0.175318,0.074127,0.136677,0.022123,77.632588,78.026305,0,0,0,0,0,0
56.6,0.179213,0.078022,0.137311,0.022757,77.299768,77.935561,0,0,0,0,0,0
56.7,0.181657,0.080466,0.134157,0.019603,77.39328,77.935561,0,0,0,0,0,0
56.8,0.184203,0.083012,0.129771,0.015217,77.076039,77.935561,0,0,0,0,0,0
56.9,0.185846,0.084655,0.124688,0.010134,77.076039,78.036001,0,0,0,0,0,0
57,0.188375,0.087184,0.121311,0.006757,76.98513,78.042164,0,0,0,0,0,0
57.1,0.192474,0.091283,0.121789,0.007235,77.624861,78.042164,0,0,0,0,0,0
57.2,0.197049,0.095858,0.123866,0.009312,78.365601,78.042164,0,0,0,0,0,0
57.3,0.201303,0.100112,0.126098,0.011544,78.837936,78.042164,0,0,0,0,0,0
57.4,0.203688,0.102497,0.124401,0.009847,79.627905,78.214413,0,0,0,0,0,0
57.5,0.204884,0.103693,0.119555,0.005001,80.130102,78.295917,0,0,0,0,0,0
57.6,0.205348,0.104157,0.113638,-0.000916,80.047343,78.289754,0,0,0,0,0,0
57.7,0.206082,0.104891,0.108774,-0.00578,79.683707,78.283591,0,0,0,0,0,0
57.8,0.207674,0.106483,0.108017,-0.006537,79.683707,78.105179,0,0,0,0,0,0
57.9,0.209778,0.108587,0.109738,-0.004816,79.771426,78.105179,0,0,0,0,0,0
58,0.209637,0.108446,0.111669,-0.002885,79.771426,78.017747,0,0,0,0,0,0
58.1,0.20949,0.108299,0.113937,-0.000617,80.197758,78.362575,0,0,0,0,0,0
58.2,0.208033,0.106842,0.112598,-0.001956,80.197758,78.601118,0,0,0,0,0,0
58.3,0.204449,0.103258,0.107676,-0.006878,80.712044,78.749266,0,0,0,0,0,0
58.4,0.19984,0.098649,0.101772,-0.012782,80.909088,78.897414,0,0,0,0,0,0
58.5,0.197071,0.09588,0.099052,-0.015502,81.363634,79.139839,0,0,0,0,0,0
58.6,0.195351,0.09416,0.099723,-0.014831,81.266231,78.978919,0,0,0,0,0,0
58.7,0.193445,0.092254,0.101341,-0.013213,81.310676,78.818,0,0,0,0,0,0
58.8,0.191747,0.090556,0.103521,-0.011033,81.695291,78.740027,0,0,0,0,0,0
58.9,0.190202,0.089011,0.105267,-0.009287,81.996231,78.740027,0,0,0,0,0,0
59,0.186607,0.085416,0.103305,-0.011249,81.587547,79.084854,0,0,0,0,0,0
59.1,0.182281,0.08109,0.098258,-0.016296,81.494034,79.423838,0,0,0,0,0,0
59.2,0.178908,0.077717,0.094251,-0.020303,81.886996,79.762821,0,0,0,0,0,0
59.3,0.177197,0.076006,0.093498,-0.021056,82.310725,79.850489,0,0,0,0,0,0
59.4,0.176008,0.074817,0.094708,-0.019846,82.644058,79.70234,0,0,0,0,0,0
59.5,0.175025,0.073834,0.096253,-0.018301,83.067787,79.641624,0,0,0,0,0,0
59.6,0.174247,0.073056,0.097724,-0.01683,83.034417,79.309568,0,0,0,0,0,0
59.7,0.17355,0.072359,0.098635,-0.015919,82.940904,79.40308,0,0,0,0,0,0
59.8,0.171008,0.069817,0.095104,-0.01945,82.559952,79.586988,0,0,0,0,0,0
59.9,0.167751,0.06656,0.089683,-0.024871,82.178999,79.770896,0,0,0,0,0,0
60,0.166079,0.064888,0.086827,-0.027727,82.057787,79.861292,0,0,0,0,0,0
60.1,0.165065,0.063874,0.086561,-0.027993,82.033978,79.874063,0,0,0,0,0,0
60.2,0.164389,0.063198,0.086885,-0.027669,82.007748,79.984668,0,0,0,0,0,0
60.3,0.163686,0.062495,0.088006,-0.026548,81.722389,80.082502,0,0,0,0,0,0
60.4,0.162555,0.061364,0.088695,-0.025859,81.421448,80.336586,0,0,0,0,0,0
60.5,0.159428,0.058237,0.088005,-0.026549,81.421448,80.336586,0,0,0,0,0,0
60.6,0.153117,0.051926,0.082578,-0.031976,81.514961,80.430098,0,0,0,0,0,0
60.7,0.147278,0.046087,0.075707,-0.038847,81.454818,80.430098,0,0,0,0,0,0
60.8,0.14354,0.042349,0.073043,-0.041511,81.893159,80.681413,0,0,0,0,0,0
60.9,0.138951,0.03776,0.07137,-0.043184,82.274111,80.759386,0,0,0,0,0,0
61,0.133933,0.032742,0.07014,-0.044414,82.517049,80.820102,0,0,0,0,0,0
61.1,0.128884,0.027693,0.069598,-0.044956,82.747464,80.99206,0,0,0,0,0,0
61.2,0.126187,0.024996,0.070208,-0.044346,83.185804,80.99206,0,0,0,0,0,0
61.3,0.122206,0.021015,0.068373,-0.046181,83.466506,80.99206,0,0,0,0,0,0
61.4,0.117083,0.015892,0.062959,-0.051595,83.747207,80.898547,0,0,0,0,0,0
61.5,0.112463,0.011272,0.058533,-0.056021,84.027909,80.898547,0,0,0,0,0,0
61.6,0.108601,0.00741,0.057425,-0.057129,84.268346,81.197233,0,0,0,0,0,0
61.7,0.104815,0.003624,0.05762,-0.056934,84.361242,81.337943,0,0,0,0,0,0
61.8,0.101275,8.4E-05,0.05841,-0.056144,84.544038,81.478653,0,0,0,0,0,0
61.9,0.09732,-0.003871,0.059151,-0.055403,84.544038,81.385141,0,0,0,0,0,0
62,0.091967,-0.009224,0.05803,-0.056524,84.38394,81.131057,0,0,0,0,0,0
62.1,0.085279,-0.015912,0.05339,-0.061164,84.039112,80.947149,0,0,0,0,0,0
62.2,0.078256,-0.022935,0.047172,-0.067382,83.800568,80.786578,0,0,0,0,0,0
62.3,0.073284,-0.027907,0.044409,-0.070145,82.938499,80.626007,0,0,0,0,0,0
62.4,0.068644,-0.032547,0.044497,-0.070057,83.042395,80.786578,0,0,0,0,0,0
62.5,0.065267,-0.035924,0.045958,-0.068596,82.89297,80.964405,0,0,0,0,0,0
62.6,0.061806,-0.039385,0.047494,-0.06706,82.695926,81.124504,0,0,0,0,0,0
62.7,0.057328,-0.043863,0.047801,-0.066753,82.351098,80.964405,0,0,0,0,0,0
62.8,0.051398,-0.049793,0.043766,-0.070788,81.922248,80.730183,0,0,0,0,0,0
62.9,0.045158,-0.056033,0.037885,-0.076669,81.493398,80.589473,0,0,0,0,0,0
63,0.038508,-0.062683,0.031772,-0.082782,80.970272,80.25049,0,0,0,0,0,0
63.1,0.034347,-0.066844,0.028179,-0.086375,80.396502,79.939033,0,0,0,0,0,0
63.2,0.031997,-0.069194,0.028578,-0.085976,80.548017,79.939033,0,0,0,0,0,0
63.3,0.031598,-0.069593,0.030124,-0.08443,80.144508,79.848637,0,0,0,0,0,0
63.4,0.032113,-0.069078,0.032201,-0.082353,79.890425,79.688066,0,0,0,0,0,0
63.5,0.03078,-0.070411,0.030416,-0.084138,79.890425,79.610094,0,0,0,0,0,0
63.6,0.029926,-0.071265,0.025899,-0.088655,79.903196,79.461945,0,0,0,0,0,0
63.7,0.030628,-0.070563,0.020723,-0.093831,79.802757,79.289697,0,0,0,0,0,0
63.8,0.031716,-0.069475,0.015261,-0.099293,79.802757,79.117448,0,0,0,0,0,0
63.9,0.03365,-0.067541,0.012311,-0.102243,79.069321,78.976738,0,0,0,0,0,0
64,0.037064,-0.064127,0.012795,-0.101759,78.636825,78.886342,0,0,0,0,0,0
64.1,0.040343,-0.060848,0.014443,-0.100111,78.20433,78.79283,0,0,0,0,0,0
64.2,0.04268,-0.058511,0.014836,-0.099718,77.687088,78.698845,0,0,0,0,0,0
64.3,0.043397,-0.057794,0.011708,-0.102846,77.592812,78.506735,0,0,0,0,0,0
64.4,0.043197,-0.057994,0.006462,-0.108092,77.498536,78.314625,0,0,0,0,0,0
64.5,0.042914,-0.058277,0.001161,-0.113393,77.407627,78.320789,0,0,0,0,0,0
64.6,0.042127,-0.059064,-0.004359,-0.118913,77.407627,78.148375,0,0,0,0,0,0
64.7,0.043837,-0.057354,-0.00622,-0.120774,76.674191,77.809392,0,0,0,0,0,0
64.8,0.046843,-0.054348,-0.004829,-0.119383,76.501942,77.809392,0,0,0,0,0,0
64.9,0.049938,-0.051253,-0.002413,-0.116967,76.32353,77.879567,0,0,0,0,0,0
65,0.050543,-0.050648,-0.003298,-0.117852,76.051133,77.785291,0,0,0,0,0,0
65.1,0.050201,-0.05099,-0.006779,-0.121333,75.950693,77.691015,0,0,0,0,0,0
65.2,0.049453,-0.051738,-0.010966,-0.12552,75.950693,77.691015,0,0,0,0,0,0
65.3,0.047625,-0.053566,-0.015682,-0.130236,76.041602,77.600106,0,0,0,0,0,0
65.4,0.045978,-0.055213,-0.019877,-0.134431,75.956857,77.23512,0,0,0,0,0,0
65.5,0.045882,-0.055309,-0.021738,-0.136292,75.617874,76.986532,0,0,0,0,0,0
65.6,0.047971,-0.05322,-0.019843,-0.134397,75.705542,76.808705,0,0,0,0,0,0
65.7,0.048793,-0.052398,-0.018143,-0.132697,75.705542,76.717961,0,0,0,0,0,0
65.8,0.047837,-0.053354,-0.019828,-0.134382,75.614633,76.627052,0,0,0,0,0,0
65.9,0.046965,-0.054226,-0.023165,-0.137719,75.523724,76.627052,0,0,0,0,0,0
66,0.046863,-0.054328,-0.026721,-0.141275,75.523724,76.627052,0,0,0,0,0,0
66.1,0.046654,-0.054537,-0.03057,-0.145124,75.523724,76.627052,0,0,0,0,0,0
66.2,0.045961,-0.05523,-0.034314,-0.148868,75.438978,76.460339,0,0,0,0,0,0
66.3,0.04719,-0.054001,-0.035916,-0.15047,75.260349,76.127006,0,0,0,0,0,0
66.4,0.051279,-0.049912,-0.033295,-0.147849,75.087884,75.793672,0,0,0,0,0,0
66.5,0.054652,-0.046539,-0.031529,-0.146083,74.915419,75.787509,0,0,0,0,0,0
66.6,0.056498,-0.044693,-0.033634,-0.148188,74.830673,75.614633,0,0,0,0,0,0
66.7,0.058374,-0.042817,-0.036488,-0.151042,74.745928,75.436004,0,0,0,0,0,0
66.8,0.059286,-0.041905,-0.040145,-0.154699,74.90092,75.348285,0,0,0,0,0,0
66.9,0.061152,-0.040039,-0.043187,-0.157741,74.985666,75.430252,0,0,0,0,0,0
67,0.062674,-0.038517,-0.04631,-0.160864,75.157936,75.263539,0,0,0,0,0,0
67.1,0.065666,-0.035525,-0.047862,-0.162416,74.985522,75.017638,0,0,0,0,0,0
67.2,0.070135,-0.031056,-0.045741,-0.160295,74.985522,74.929969,0,0,0,0,0,0
67.3,0.072949,-0.028242,-0.045632,-0.160186,74.985522,75.014715,0,0,0,0,0,0
67.4,0.074825,-0.026366,-0.048069,-0.162623,74.985522,75.008552,0,0,0,0,0,0
67.5,0.075237,-0.025954,-0.05116,-0.165714,74.985522,74.917643,0,0,0,0,0,0
67.6,0.075567,-0.025624,-0.054403,-0.168957,74.813109,74.829924,0,0,0,0,0,0
67.7,0.07594,-0.025251,-0.057614,-0.172168,74.725389,74.829924,0,0,0,0,0,0
67.8,0.076237,-0.024954,-0.060372,-0.174926,74.731141,74.747956,0,0,0,0,0,0
67.9,0.077528,-0.023663,-0.061445,-0.175999,74.818861,74.747956,0,0,0,0,0,0
68,0.081172,-0.020019,-0.058338,-0.172892,74.824613,74.747956,0,0,0,0,0,0
68.1,0.083622,-0.017569,-0.056302,-0.170856,74.824613,74.914669,0,0,0,0,0,0
68.2,0.084961,-0.01623,-0.057061,-0.171615,74.824613,75.087134,0,0,0,0,0,0
68.3,0.084628,-0.016563,-0.059016,-0.17357,74.578711,75.259599,0,0,0,0,0,0
68.4,0.083575,-0.017616,-0.061605,-0.176159,74.493965,75.259599,0,0,0,0,0,0
68.5,0.082369,-0.018822,-0.063876,-0.17843,74.575932,75.259599,0,0,0,0,0,0
68.6,0.079709,-0.021482,-0.066268,-0.180822,74.575932,75.177632,0,0,0,0,0,0
68.7,0.076714,-0.024477,-0.067339,-0.181893,74.575932,75.092886,0,0,0,0,0,0
68.8,0.075722,-0.025469,-0.064347,-0.178901,74.575932,75.092886,0,0,0,0,0,0
68.9,0.074122,-0.027069,-0.061581,-0.176135,74.575932,75.008141,0,0,0,0,0,0
69,0.070881,-0.03031,-0.061637,-0.176191,74.660678,75.092886,0,0,0,0,0,0
69.1,0.068766,-0.032425,-0.062076,-0.17663,74.833092,75.265351,0,0,0,0,0,0
69.2,0.065992,-0.035199,-0.063394,-0.177948,74.920811,75.347319,0,0,0,0,0,0
69.3,0.063593,-0.037598,-0.064599,-0.179153,75.002779,75.347319,0,0,0,0,0,0
69.4,0.060819,-0.040372,-0.065739,-0.180293,75.002779,75.265351,0,0,0,0,0,0
69.5,0.059188,-0.042003,-0.065544,-0.180098,75.175655,75.180606,0,0,0,0,0,0
69.6,0.060254,-0.040937,-0.061033,-0.175587,75.260401,75.09586,0,0,0,0,0,0
69.7,0.060048,-0.041143,-0.057803,-0.172357,75.345146,75.011114,0,0,0,0,0,0
69.8,0.058786,-0.042405,-0.057194,-0.171748,75.429892,75.011114,0,0,0,0,0,0
69.9,0.057202,-0.043989,-0.057756,-0.17231,75.429892,75.011114,0,0,0,0,0,0
70,0.055988,-0.045203,-0.058412,-0.172966,75.342173,75.005362,0,0,0,0,0,0
70.1,0.054977,-0.046214,-0.059092,-0.173646,75.342173,75.005362,0,0,0,0,0,0
70.2,0.054971,-0.04622,-0.059319,-0.173873,75.342173,74.923395,0,0,0,0,0,0
70.3,0.056985,-0.044206,-0.057567,-0.172121,75.342173,74.75093,0,0,0,0,0,0
70.4,0.061045,-0.040146,-0.052185,-0.166739,75.514587,74.75093,0,0,0,0,0,0
70.5,0.064136,-0.037055,-0.048086,-0.16264,75.52075,74.666184,0,0,0,0,0,0
70.6,0.065827,-0.035364,-0.047024,-0.161578,75.52075,74.581438,0,0,0,0,0,0
70.7,0.067413,-0.033778,-0.04716,-0.161714,75.52075,74.581438,0,0,0,0,0,0
70.8,0.068922,-0.032269,-0.047811,-0.162365,75.52075,74.663406,0,0,0,0,0,0
70.9,0.06996,-0.031231,-0.04839,-0.162944,75.438783,74.663406,0,0,0,0,0,0
71,0.069743,-0.031448,-0.049048,-0.163602,75.681207,74.581438,0,0,0,0,0,0
71.1,0.07099,-0.030201,-0.047336,-0.16189,75.842363,74.672347,0,0,0,0,0,0
71.2,0.072467,-0.028724,-0.041969,-0.156523,76.09095,74.757093,0,0,0,0,0,0
71.3,0.072428,-0.028763,-0.036785,-0.151339,75.924237,74.672347,0,0,0,0,0,0
71.4,0.070033,-0.031158,-0.035314,-0.149868,76.015147,74.672347,0,0,0,0,0,0
71.5,0.067937,-0.033254,-0.034713,-0.149267,76.193775,74.760067,0,0,0,0,0,0
71.6,0.065412,-0.035779,-0.034375,-0.148929,76.284684,74.842034,0,0,0,0,0,0
71.7,0.063327,-0.037864,-0.034201,-0.148755,76.284684,74.924001,0,0,0,0,0,0
71.8,0.061369,-0.039822,-0.033756,-0.14831,76.284684,75.01172,0,0,0,0,0,0
71.9,0.059723,-0.041468,-0.032428,-0.146982,76.197016,75.01172,0,0,0,0,0,0
72,0.061587,-0.039604,-0.026553,-0.141107,76.197016,75.096466,0,0,0,0,0,0
72.1,0.062912,-0.038279,-0.019868,-0.134422,76.36943,75.181212,0,0,0,0,0,0
72.2,0.062766,-0.038425,-0.016351,-0.130905,76.454176,75.099245,0,0,0,0,0,0
72.3,0.062304,-0.038887,-0.014197,-0.128751,76.454176,75.099245,0,0,0,0,0,0
72.4,0.062464,-0.038727,-0.01246,-0.127014,76.620889,75.181212,0,0,0,0,0,0
72.5,0.062664,-0.038527,-0.011407,-0.125961,76.378464,75.263179,0,0,0,0,0,0
72.6,0.063161,-0.03803,-0.010063,-0.124617,76.415582,75.090303,0,0,0,0,0,0
72.7,0.063508,-0.037683,-0.008794,-0.123348,76.345406,75.005557,0,0,0,0,0,0
72.8,0.066925,-0.034266,-0.003958,-0.118512,76.982929,75.005557,0,0,0,0,0,0
72.9,0.070361,-0.03083,0.002371,-0.112183,77.315749,75.090303,0,0,0,0,0,0
73,0.072126,-0.029065,0.005614,-0.10894,77.224839,75.008336,0,0,0,0,0,0
73.1,0.073318,-0.027873,0.007716,-0.106838,77.046211,74.920616,0,0,0,0,0,0
73.2,0.073883,-0.027308,0.008898,-0.105656,76.958492,74.832897,0,0,0,0,0,0
73.3,0.075067,-0.026124,0.010106,-0.104448,76.958492,74.832897,0,0,0,0,0,0
73.4,0.076361,-0.02483,0.011295,-0.103259,76.873746,74.75093,0,0,0,0,0,0
73.5,0.078193,-0.022998,0.01283,-0.101724,76.688497,74.584217,0,0,0,0,0,0
73.6,0.080966,-0.020225,0.015754,-0.0988,76.779241,74.584217,0,0,0,0,0,0
73.7,0.085275,-0.015916,0.021719,-0.092835,76.879681,74.584217,0,0,0,0,0,0
73.8,0.088488,-0.012703,0.025105,-0.089449,76.879681,74.50225,0,0,0,0,0,0
73.9,0.092429,-0.008762,0.027139,-0.087415,76.707216,74.41453,0,0,0,0,0,0
74,0.096812,-0.004379,0.028691,-0.085863,76.528587,74.242117,0,0,0,0,0,0
74.1,0.100905,-0.000286,0.029812,-0.084742,76.157849,74.236364,0,0,0,0,0,0
74.2,0.104935,0.003744,0.031092,-0.083462,76.31842,74.148645,0,0,0,0,0,0
74.3,0.108313,0.007122,0.032264,-0.08229,76.096198,74.066678,0,0,0,0,0,0
74.4,0.112633,0.011442,0.034243,-0.080311,76.005802,73.899965,0,0,0,0,0,0
74.5,0.118341,0.01715,0.039394,-0.07516,75.923835,73.899965,0,0,0,0,0,0
74.6,0.12277,0.021579,0.042984,-0.07157,75.923835,73.905717,0,0,0,0,0,0
74.7,0.125818,0.024627,0.045252,-0.069302,75.923835,73.905717,0,0,0,0,0,0
74.8,0.129114,0.027923,0.047506,-0.067048,75.751421,73.733303,0,0,0,0,0,0
74.9,0.131474,0.030283,0.049091,-0.065463,75.751421,73.727551,0,0,0,0,0,0
75,0.134149,0.032958,0.050829,-0.063725,76.030946,73.721799,0,0,0,0,0,0
75.1,0.136337,0.035146,0.052393,-0.062161,75.767788,73.555086,0,0,0,0,0,0
75.2,0.138586,0.037395,0.054569,-0.059985,75.755017,73.555086,0,0,0,0,0,0
75.3,0.141795,0.040604,0.05909,-0.055464,76.209562,73.809467,0,0,0,0,0,0
75.4,0.143712,0.042521,0.062552,-0.052002,76.209562,73.809467,0,0,0,0,0,0
75.5,0.145308,0.044117,0.065643,-0.048911,76.209562,73.894162,0,0,0,0,0,0
75.6,0.147731,0.04654,0.068622,-0.045932,76.124868,73.809467,0,0,0,0,0,0
75.7,0.152148,0.050957,0.071751,-0.042803,75.701139,73.809467,0,0,0,0,0,0
75.8,0.157452,0.056261,0.074596,-0.039958,75.367806,73.803715,0,0,0,0,0,0
75.9,0.162686,0.061495,0.077582,-0.036972,75.034472,73.803715,0,0,0,0,0,0
76,0.168389,0.067198,0.080472,-0.034082,75.11644,73.803715,0,0,0,0,0,0
76.1,0.17503,0.073839,0.085678,-0.028876,75.204159,73.885682,0,0,0,0,0,0
76.2,0.18033,0.079139,0.089463,-0.025091,75.376624,73.891434,0,0,0,0,0,0
76.3,0.185188,0.083997,0.092629,-0.021925,75.467071,73.976129,0,0,0,0,0,0
76.4,0.190176,0.088985,0.095676,-0.018878,75.294657,73.891434,0,0,0,0,0,0
76.5,0.194085,0.092894,0.098079,-0.016475,75.021752,73.891434,0,0,0,0,0,0
76.6,0.198814,0.097623,0.100823,-0.013731,75.021752,73.885682,0,0,0,0,0,0
76.7,0.203215,0.102024,0.103486,-0.011068,74.754999,73.885682,0,0,0,0,0,0
76.8,0.209134,0.107943,0.107534,-0.00702,74.206114,73.804178,0,0,0,0,0,0
76.9,0.216061,0.11487,0.114573,1.9E-05,74.293833,73.80993,0,0,0,0,0,0
77,0.220956,0.119765,0.119313,0.004759,74.293833,73.80993,0,0,0,0,0,0
77.1,0.225474,0.124283,0.122188,0.007634,74.378528,73.894624,0,0,0,0,0,0
77.2,0.230325,0.129134,0.12506,0.010506,74.206114,73.80993,0,0,0,0,0,0
77.3,0.234753,0.133562,0.127292,0.012738,74.0337,73.80993,0,0,0,0,0,0
77.4,0.239184,0.137993,0.129731,0.015177,73.945981,73.80993,0,0,0,0,0,0
77.5,0.243743,0.142552,0.132638,0.018084,73.945981,73.80993,0,0,0,0,0,0
77.6,0.250658,0.149467,0.139605,0.025051,74.131166,74.143263,0,0,0,0,0,0
77.7,0.258601,0.15741,0.149562,0.035008,74.04642,74.143263,0,0,0,0,0,0
77.8,0.263984,0.162793,0.156524,0.04197,74.128387,74.230982,0,0,0,0,0,0
77.9,0.268605,0.167414,0.160669,0.046115,74.213082,74.315677,0,0,0,0,0,0
78,0.272691,0.1715,0.163362,0.048808,74.213082,74.315677,0,0,0,0,0,0
78.1,0.277486,0.176295,0.165912,0.051358,74.213082,74.403396,0,0,0,0,0,0
78.2,0.282683,0.181492,0.168437,0.053883,74.225454,74.403396,0,0,0,0,0,0
78.3,0.288693,0.187502,0.172204,0.05765,74.319794,74.312487,0,0,0,0,0,0
78.4,0.296521,0.19533,0.180325,0.065771,74.40454,74.640356,0,0,0,0,0,0
78.5,0.305282,0.204091,0.190681,0.076127,74.577005,74.900489,0,0,0,0,0,0
78.6,0.313523,0.212332,0.199958,0.085404,74.664724,74.988208,0,0,0,0,0,0
78.7,0.319122,0.217931,0.204844,0.09029,74.837138,75.160622,0,0,0,0,0,0
78.8,0.32336,0.222169,0.207997,0.093443,75.009552,75.248341,0,0,0,0,0,0
78.9,0.326496,0.225305,0.210239,0.095685,75.097271,75.330309,0,0,0,0,0,0
79,0.32952,0.228329,0.21252,0.097966,75.015304,75.330309,0,0,0,0,0,0
79.1,0.33243,0.231239,0.216437,0.101883,74.914864,74.915008,0,0,0,0,0,0
79.2,0.338072,0.236881,0.225112,0.110558,75.160766,75.330309,0,0,0,0,0,0
79.3,0.344592,0.243401,0.235407,0.120853,75.33318,75.904079,0,0,0,0,0,0
79.4,0.351233,0.250042,0.245632,0.131078,75.420899,75.991798,0,0,0,0,0,0
79.5,0.355109,0.253918,0.251038,0.136484,75.508618,76.079518,0,0,0,0,0,0
79.6,0.358028,0.256837,0.253782,0.139228,75.599527,76.079518,0,0,0,0,0,0
79.7,0.360914,0.259723,0.255698,0.141144,75.681495,76.161485,0,0,0,0,0,0
79.8,0.363629,0.262438,0.257141,0.142587,75.599527,76.161485,0,0,0,0,0,0
79.9,0.368463,0.267272,0.262024,0.14747,75.760683,75.833616,0,0,0,0,0,0
80,0.374638,0.273447,0.270267,0.155713,75.861123,75.994536,0,0,0,0,0,0
80.1,0.381348,0.280157,0.279602,0.165048,75.779155,76.327869,0,0,0,0,0,0
80.2,0.387717,0.286526,0.288518,0.173964,75.870065,76.418778,0,0,0,0,0,0
80.3,0.391489,0.290298,0.293046,0.178492,75.960974,76.509687,0,0,0,0,0,0
80.4,0.394229,0.293038,0.294345,0.179791,76.051883,76.600596,0,0,0,0,0,0
80.5,0.39654,0.295349,0.294973,0.180419,76.224759,76.773472,0,0,0,0,0,0
80.6,0.397082,0.295891,0.294845,0.180291,76.230922,76.85544,0,0,0,0,0,0
80.7,0.39799,0.296799,0.297789,0.183235,76.439566,76.606852,0,0,0,0,0,0
80.8,0.398963,0.297772,0.304877,0.190323,76.600486,76.366415,0,0,0,0,0,0
80.9,0.401049,0.299858,0.313082,0.198528,76.863644,76.940185,0,0,0,0,0,0
81,0.403048,0.301857,0.321726,0.207172,76.954553,76.940185,0,0,0,0,0,0
81.1,0.402812,0.301621,0.325788,0.211234,76.954553,77.031094,0,0,0,0,0,0
81.2,0.402002,0.300811,0.326986,0.212432,77.139738,77.122004,0,0,0,0,0,0
81.3,0.401326,0.300135,0.326914,0.21236,77.306451,77.212913,0,0,0,0,0,0
81.4,0.400449,0.299258,0.326373,0.211819,77.145295,77.29488,0,0,0,0,0,0
81.5,0.40153,0.300339,0.327181,0.212627,77.044856,76.961547,0,0,0,0,0,0
81.6,0.406563,0.305372,0.333407,0.218853,77.211569,76.800627,0,0,0,0,0,0
81.7,0.410404,0.309213,0.341169,0.226615,77.120659,77.043051,0,0,0,0,0,0
81.8,0.412869,0.311678,0.347779,0.233225,76.947783,77.036888,0,0,0,0,0,0
81.9,0.413437,0.312246,0.350156,0.235602,76.856874,76.945979,0,0,0,0,0,0
82,0.413559,0.312368,0.350324,0.23577,76.765965,76.945979,0,0,0,0,0,0
82.1,0.412993,0.311802,0.349709,0.235155,76.675056,77.036888,0,0,0,0,0,0
82.2,0.410979,0.309788,0.348336,0.233782,76.22051,76.952142,0,0,0,0,0,0
82.3,0.409301,0.30811,0.347273,0.232719,75.887177,76.618809,0,0,0,0,0,0
82.4,0.409481,0.30829,0.350077,0.235523,75.796433,76.129784,0,0,0,0,0,0
82.5,0.411479,0.310288,0.356401,0.241847,76.129253,76.375686,0,0,0,0,0,0
82.6,0.410933,0.309742,0.359139,0.244585,76.210757,76.369522,0,0,0,0,0,0
82.7,0.409999,0.308808,0.359317,0.244763,76.025572,76.278613,0,0,0,0,0,0
82.8,0.408507,0.307316,0.358358,0.243804,75.940826,76.187704,0,0,0,0,0,0
82.9,0.406494,0.305303,0.356772,0.242218,75.856081,76.187704,0,0,0,0,0,0
83,0.404611,0.30342,0.355315,0.240761,75.771335,76.187704,0,0,0,0,0,0
83.1,0.401669,0.300478,0.353552,0.238998,75.604622,76.01529,0,0,0,0,0,0
83.2,0.400237,0.299046,0.354539,0.239985,75.777036,75.681957,0,0,0,0,0,0
83.3,0.39902,0.297829,0.358362,0.243808,75.777036,75.681957,0,0,0,0,0,0
83.4,0.39702,0.295829,0.359398,0.244844,75.689316,75.681957,0,0,0,0,0,0
83.5,0.393718,0.292527,0.358044,0.24349,75.689316,75.591048,0,0,0,0,0,0
83.6,0.390113,0.288922,0.356261,0.241707,75.689316,75.500139,0,0,0,0,0,0
83.7,0.386087,0.284896,0.353532,0.238978,75.689316,75.500139,0,0,0,0,0,0
83.8,0.382155,0.280964,0.351049,0.236495,75.607349,75.418172,0,0,0,0,0,0
83.9,0.37784,0.276649,0.348424,0.23387,75.434935,75.251459,0,0,0,0,0,0
84,0.374344,0.273153,0.346677,0.232123,75.011207,74.917838,0,0,0,0,0,0
84.1,0.372627,0.271436,0.34801,0.233456,74.838793,74.745373,0,0,0,0,0,0
84.2,0.369802,0.268611,0.347428,0.232874,74.756826,74.745373,0,0,0,0,0,0
84.3,0.366154,0.264963,0.345401,0.230847,74.756826,74.745373,0,0,0,0,0,0
84.4,0.362498,0.261307,0.343198,0.228644,74.584412,74.830119,0,0,0,0,0,0
84.5,0.359148,0.257957,0.340901,0.226347,74.496693,74.830119,0,0,0,0,0,0
84.6,0.355611,0.25442,0.338269,0.223715,74.496693,74.748151,0,0,0,0,0,0
84.7,0.352251,0.25106,0.335695,0.221141,74.242312,74.748151,0,0,0,0,0,0
84.8,0.348166,0.246975,0.332567,0.218013,74.324279,74.575686,0,0,0,0,0,0
84.9,0.34474,0.243549,0.329479,0.214925,74.573288,74.403272,0,0,0,0,0,0
85,0.341576,0.240385,0.326752,0.212198,74.491321,74.315553,0,0,0,0,0,0
85.1,0.338864,0.237673,0.324455,0.209901,74.409354,74.233586,0,0,0,0,0,0
85.2,0.335706,0.234515,0.321849,0.207295,74.23694,74.318332,0,0,0,0,0,0
85.3,0.333088,0.231897,0.319246,0.204692,74.231188,74.318332,0,0,0,0,0,0
85.4,0.330932,0.229741,0.316714,0.20216,74.149221,74.318332,0,0,0,0,0,0
85.5,0.329324,0.228133,0.313904,0.19935,74.067254,74.318332,0,0,0,0,0,0
85.6,0.327599,0.226408,0.31119,0.196636,73.813016,74.233637,0,0,0,0,0,0
85.7,0.327064,0.225873,0.306949,0.192395,73.640746,74.061223,0,0,0,0,0,0
85.8,0.328095,0.226904,0.303513,0.188959,73.468332,73.973504,0,0,0,0,0,0
85.9,0.328273,0.227082,0.300101,0.185547,73.468332,73.801039,0,0,0,0,0,0
86,0.329209,0.228018,0.297048,0.182494,73.084354,73.443896,0,0,0,0,0,0
86.1,0.331703,0.230512,0.295695,0.181141,73.084354,73.340678,0,0,0,0,0,0
86.2,0.334905,0.233714,0.294196,0.179642,73.523464,73.252959,0,0,0,0,0,0
86.3,0.336675,0.235484,0.291549,0.176995,73.250736,73.252959,0,0,0,0,0,0
86.4,0.337564,0.236373,0.288491,0.173937,73.446589,73.252959,0,0,0,0,0,0
86.5,0.337964,0.236773,0.28614,0.171586,73.528556,73.168264,0,0,0,0,0,0
86.6,0.335501,0.23431,0.282629,0.168075,73.528556,73.077818,0,0,0,0,0,0
86.7,0.334164,0.232973,0.278927,0.164373,73.619003,72.911105,0,0,0,0,0,0
86.8,0.333014,0.231823,0.275161,0.160607,73.879136,72.831782,0,0,0,0,0,0
86.9,0.332657,0.231466,0.271548,0.156994,74.133517,72.913749,0,0,0,0,0,0
87,0.331536,0.230345,0.267521,0.152967,74.133517,72.919501,0,0,0,0,0,0
87.1,0.33071,0.229519,0.264071,0.149517,74.478663,73.091915,0,0,0,0,0,0
87.2,0.330204,0.229013,0.260495,0.145941,74.732901,73.176609,0,0,0,0,0,0
87.3,0.332195,0.231004,0.260438,0.145884,74.905314,73.091915,0,0,0,0,0,0
87.4,0.33334,0.232149,0.259821,0.145267,75.077728,73.179634,0,0,0,0,0,0
87.5,0.332889,0.231698,0.256698,0.142144,75.549426,73.536777,0,0,0,0,0,0
87.6,0.332104,0.230913,0.253048,0.138494,75.716139,73.721962,0,0,1,0,0,0
87.7,0.330799,0.229608,0.249042,0.134488,75.443742,73.721962,0,0,0,0,0,0
87.8,0.329412,0.228221,0.245056,0.130502,75.716469,73.727714,0,0,0,0,0,0
87.9,0.328014,0.226823,0.241079,0.126525,75.277359,73.818161,0,0,0,0,0,0
88,0.326354,0.225163,0.237444,0.12289,75.195392,73.902855,0,0,0,0,0,0
88.1,0.32645,0.225259,0.236715,0.122161,75.104946,73.902855,0,0,0,0,0,0
88.2,0.326834,0.225643,0.237221,0.122667,75.025622,73.984823,0,0,0,0,0,0
88.3,0.326212,0.225021,0.23459,0.120036,74.771241,74.146113,0,0,0,0,0,0
88.4,0.325453,0.224262,0.231219,0.116665,74.511108,74.146113,0,0,0,0,0,0
88.5,0.324368,0.223177,0.22735,0.112796,74.593076,74.140361,0,0,0,0,0,0
88.6,0.323495,0.222304,0.223384,0.10883,74.502166,74.058394,0,0,0,0,0,0
88.7,0.322813,0.221622,0.219966,0.105412,74.502166,74.064146,0,0,0,0,0,0
88.8,0.322094,0.220903,0.216816,0.102262,74.414447,74.236559,0,0,0,0,0,0
88.9,0.324232,0.223041,0.217902,0.103348,74.242033,74.14884,0,0,0,0,0,0
89,0.327087,0.225896,0.220931,0.106377,74.242033,74.14884,0,0,0,0,0,0
89.1,0.327446,0.226255,0.219867,0.105313,74.157288,74.14884,0,0,0,0,0,0
89.2,0.326581,0.22539,0.216315,0.101761,74.318443,74.236559,0,0,0,0,0,0
89.3,0.325986,0.224795,0.212606,0.098052,74.403189,74.230807,0,0,0,0,0,0
89.4,0.325244,0.224053,0.208141,0.093587,74.485156,74.230807,0,0,0,0,0,0
89.5,0.324422,0.223231,0.204342,0.089788,74.567124,74.236559,0,0,0,0,0,0
89.6,0.323729,0.222538,0.20084,0.086286,74.739537,74.408973,0,0,0,0,0,0
89.7,0.324859,0.223668,0.20158,0.087026,74.900828,74.408973,0,0,0,0,0,0
89.8,0.327812,0.226621,0.205833,0.091279,74.982795,74.408973,0,0,0,0,0,0
89.9,0.329525,0.228334,0.208205,0.093651,75.15526,74.408973,0,0,0,0,0,0
90,0.329298,0.228107,0.20709,0.092536,75.240006,74.581438,0,0,0,0,0,0
90.1,0.328343,0.227152,0.204301,0.089747,75.324752,74.663406,0,0,0,0,0,0
90.2,0.328158,0.226967,0.20127,0.086716,75.409497,74.745373,0,0,0,0,0,0
90.3,0.326925,0.225734,0.197999,0.083445,75.415249,74.745373,0,0,0,0,0,0
90.4,0.325801,0.22461,0.195375,0.080821,75.587663,74.833092,0,0,0,0,0,0
90.5,0.325238,0.224047,0.194823,0.080269,75.587663,74.924001,0,0,0,0,0,0
90.6,0.327096,0.225905,0.199122,0.084568,75.678572,75.008747,0,0,0,0,0,0
90.7,0.326185,0.224994,0.203151,0.088597,75.432671,75.093493,0,0,0,0,0,0
90.8,0.323336,0.222145,0.202865,0.088311,75.432671,75.265958,0,0,0,0,0,0
90.9,0.32021,0.219019,0.201244,0.08669,75.605084,75.432671,0,0,0,0,0,0
91,0.315949,0.214758,0.19846,0.083906,75.605084,75.514638,0,0,0,0,0,0
91.1,0.309717,0.208526,0.193931,0.079377,75.523117,75.432671,0,0,0,0,0,0
91.2,0.303268,0.202077,0.189711,0.075157,75.44115,75.432671,0,0,0,0,0,0
91.3,0.298202,0.197011,0.186654,0.0721,75.268736,75.432671,0,0,0,0,0,0
91.4,0.2962,0.195009,0.187746,0.073192,75.011577,75.432671,0,0,0,0,0,0
91.5,0.295411,0.19422,0.191032,0.076478,74.839112,75.347925,0,0,0,0,0,0
91.6,0.293491,0.1923,0.190941,0.076387,74.754366,75.347925,0,0,0,0,0,0
91.7,0.291884,0.190693,0.189896,0.075342,74.66962,75.347925,0,0,0,0,0,0
91.8,0.289609,0.188418,0.188163,0.073609,75.084921,75.347925,0,0,0,0,0,0
91.9,0.287395,0.186204,0.186519,0.071965,75.330822,75.347925,0,0,0,0,0,0
92,0.285328,0.184137,0.185379,0.070825,75.576724,75.175049,0,0,0,0,0,0
92.1,0.28313,0.181939,0.183949,0.069395,75.485815,75.008336,0,0,0,0,0,0
92.2,0.282249,0.181058,0.184607,0.070053,75.403848,74.751176,0,0,0,0,0,0
92.3,0.281194,0.180003,0.186208,0.071654,75.237135,74.584463,0,0,0,0,0,0
92.4,0.279798,0.178607,0.18586,0.071306,74.977002,74.41775,0,0,0,0,0,0
92.5,0.278526,0.177335,0.184616,0.070062,74.804588,74.330031,0,0,0,0,0,0
92.6,0.277715,0.176524,0.183492,0.068938,74.798836,74.324279,0,0,0,0,0,0
92.7,0.276658,0.175467,0.181746,0.067192,74.880803,74.242312,0,0,0,0,0,0
92.8,0.275867,0.174676,0.180417,0.065863,75.053217,74.160344,0,0,0,0,0,0
92.9,0.274982,0.173791,0.179073,0.064519,75.143663,74.078377,0,0,0,0,0,0
93,0.275711,0.17452,0.178912,0.064358,75.149415,73.990658,0,0,0,0,0,0
93.1,0.277406,0.176215,0.180489,0.065935,75.067448,73.990658,0,0,0,0,0,0
93.2,0.277697,0.176506,0.180296,0.065742,75.152194,73.990658,0,0,0,0,0,0
93.3,0.278263,0.177072,0.179678,0.065124,74.731141,73.990658,0,0,0,0,0,0
93.4,0.27896,0.177769,0.178638,0.064084,74.39752,73.902939,0,0,0,0,0,0
93.5,0.280104,0.178913,0.177721,0.063167,74.069651,73.902939,0,0,0,0,0,0
93.6,0.280311,0.17912,0.176503,0.061949,74.069651,73.902939,0,0,0,0,0,0
93.7,0.280847,0.179656,0.175586,0.061032,74.151619,74.075352,0,0,0,0,0,0
93.8,0.280976,0.179785,0.174372,0.059818,74.233586,74.0696,0,0,0,0,0,0
93.9,0.280933,0.179742,0.173353,0.058799,74.321305,73.979154,0,0,0,0,0,0
94,0.280204,0.179013,0.172626,0.058072,74.411752,73.984906,0,0,0,0,0,0
94.1,0.279898,0.178707,0.172145,0.057591,74.417504,73.990658,0,0,0,0,0,0
94.2,0.279394,0.178203,0.171618,0.057064,74.24509,74.072625,0,0,0,0,0,0
94.3,0.279025,0.177834,0.171064,0.05651,74.163123,74.154592,0,0,0,0,0,0
94.4,0.278014,0.176823,0.170561,0.056007,74.163123,74.154592,0,0,0,0,0,0
94.5,0.277216,0.176025,0.169842,0.055288,74.072676,74.154592,0,0,0,0,0,0
94.6,0.276427,0.175236,0.169316,0.054762,73.98223,73.982178,0,0,0,0,0,0
94.7,0.275865,0.174674,0.167826,0.053272,73.809765,73.809765,0,0,0,0,0,0
94.8,0.275531,0.17434,0.166853,0.052299,73.815517,73.637351,0,0,0,0,0,0
94.9,0.274469,0.173278,0.165495,0.050941,73.821269,73.643103,0,0,0,0,0,0
95,0.274422,0.173231,0.164485,0.049931,73.730822,73.552656,0,0,0,0,0,0
95.1,0.273875,0.172684,0.163259,0.048705,73.648855,73.552656,0,0,0,0,0,0
95.2,0.272709,0.171518,0.162191,0.047637,73.566888,73.552656,0,0,0,0,0,0
95.3,0.27278,0.171589,0.161385,0.046831,73.394474,73.552656,0,0,0,0,0,0
95.4,0.273103,0.171912,0.160768,0.046214,73.22206,73.552656,0,0,0,0,0,0
95.5,0.274985,0.173794,0.162378,0.047824,73.131614,73.46221,0,0,0,0,0,0
95.6,0.276487,0.175296,0.1625,0.047946,73.131614,73.46221,0,0,0,0,0,0
95.7,0.278209,0.177018,0.161996,0.047442,73.216308,73.380243,0,0,0,0,0,0
95.8,0.279771,0.17858,0.161405,0.046851,73.216308,73.464988,0,0,0,0,0,0
95.9,0.281745,0.180554,0.160781,0.046227,73.298275,73.464988,0,0,0,0,0,0
96,0.283998,0.182807,0.160134,0.04558,73.470689,73.552708,0,0,0,0,0,0
96.1,0.286282,0.185091,0.159769,0.045215,73.555384,73.637402,0,0,0,0,0,0
96.2,0.287925,0.186734,0.159279,0.044725,73.470689,73.637402,0,0,0,0,0,0
96.3,0.291528,0.190337,0.162631,0.048077,73.380243,73.637402,0,0,0,0,0,0
96.4,0.294015,0.192824,0.16603,0.051476,73.380243,73.637402,0,0,0,0,0,0
96.5,0.294977,0.193786,0.166757,0.052203,73.470689,73.809816,0,0,0,0,0,0
96.6,0.295649,0.194458,0.166899,0.052345,73.637402,73.891783,0,0,0,0,0,0
96.7,0.29569,0.194499,0.166424,0.05187,73.637402,73.804064,0,0,0,0,0,0
96.8,0.2961,0.194909,0.166101,0.051547,73.727849,73.809816,0,0,0,0,0,0
96.9,0.296014,0.194823,0.165737,0.051183,73.991172,73.900263,0,0,0,0,0,0
97,0.296398,0.195207,0.165658,0.051104,74.163585,74.072676,0,0,0,0,0,0
97.1,0.297317,0.196126,0.166384,0.05183,74.157833,74.066924,0,0,0,0,0,0
97.2,0.2998,0.198609,0.170485,0.055931,74.245553,74.148891,0,0,0,0,0,0
97.3,0.300345,0.199154,0.172155,0.057601,74.32752,74.064146,0,0,0,0,0,0
97.4,0.300961,0.19977,0.173206,0.058652,74.32752,74.146113,0,0,0,0,0,0
97.5,0.301627,0.200436,0.174199,0.059645,74.239801,73.973699,0,0,0,0,0,0
97.6,0.302229,0.201038,0.174852,0.060298,74.239801,73.973699,0,0,0,0,0,0
97.7,0.303036,0.201845,0.175864,0.06131,74.330247,74.064146,0,0,0,0,0,0
97.8,0.304024,0.202833,0.176911,0.062357,74.420694,74.154592,0,0,0,0,0,0
97.9,0.305335,0.204144,0.178123,0.063569,74.414942,74.154592,0,0,0,0,0,0
98,0.307254,0.206063,0.180761,0.066207,74.324495,73.982178,0,0,0,0,0,0
98.1,0.308675,0.207484,0.182999,0.068445,74.157782,73.900211,0,0,0,0,0,0
98.2,0.309636,0.208445,0.18449,0.069936,74.157782,73.905963,0,0,0,0,0,0
98.3,0.310973,0.209782,0.186069,0.071515,74.067335,73.815517,0,0,0,0,0,0
98.4,0.311897,0.210706,0.187245,0.072691,73.894459,73.809765,0,0,0,0,0,0
98.5,0.313448,0.212257,0.188732,0.074178,73.812492,73.722045,0,0,0,0,0,0
98.6,0.315912,0.214721,0.190517,0.075963,73.812492,73.727797,0,0,0,0,0,0
98.7,0.318539,0.217348,0.19237,0.077816,73.640078,73.566507,0,0,0,0,0,0
98.8,0.321732,0.220541,0.194915,0.080361,73.467664,73.394093,0,0,0,0,0,0
98.9,0.324974,0.223783,0.198072,0.083518,73.379945,73.312126,0,0,0,0,0,0
99,0.327675,0.226484,0.199839,0.085285,73.385697,73.402573,0,0,0,0,0,0
99.1,0.330757,0.229566,0.201213,0.086659,73.391449,73.402573,0,0,0,0,0,0
99.2,0.334082,0.232891,0.202863,0.088309,73.385697,73.312126,0,0,0,0,0,0
99.3,0.337005,0.235814,0.204096,0.089542,73.385697,73.22168,0,0,0,0,0,0
99.4,0.340346,0.239155,0.205821,0.091267,73.301003,73.22168,0,0,0,0,0,0
99.5,0.343187,0.241996,0.2071,0.092546,73.301003,73.312126,0,0,0,0,0,0
99.6,0.34574,0.244549,0.208454,0.0939,73.210556,73.22168,0,0,0,0,0,0
99.7,0.348169,0.246978,0.209808,0.095254,73.210556,73.303647,0,0,0,0,0,0
99.8,0.350662,0.249471,0.212051,0.097497,73.301003,73.394093,0,0,0,0,0,0
99.9,0.353107,0.251916,0.214671,0.100117,73.301003,73.399845,0,0,0,0,0,0
100,0.354795,0.253604,0.216982,0.102428,73.210556,73.315151,0,0,0,0,0,0
100.1,0.356757,0.255566,0.219674,0.10512,73.125862,73.309399,0,0,0,0,0,0
100.2,0.358846,0.257655,0.222265,0.107711,73.216308,73.38297,0,0,0,0,0,0
100.3,0.359958,0.258767,0.224702,0.110148,73.306755,73.473416,0,0,0,0,0,0
100.4,0.360601,0.25941,0.226653,0.112099,73.312507,73.473416,0,0,0,0,0,0
100.5,0.359162,0.257971,0.224696,0.110142,73.22206,73.301146,0,0,0,0,0,0
100.6,0.357604,0.256413,0.223119,0.108565,73.22206,73.306898,0,0,0,0,0,0
100.7,0.356977,0.255786,0.224979,0.110425,73.227812,73.397345,0,0,0,0,0,0
100.8,0.356398,0.255207,0.227745,0.113191,73.055542,73.315522,0,0,0,0,0,0
100.9,0.356213,0.255022,0.230902,0.116348,72.973719,73.225075,0,0,0,0,0,0
101,0.355553,0.254362,0.234321,0.119767,72.973719,73.219323,0,0,0,0,0,0
101.1,0.355318,0.254127,0.237165,0.122611,72.873405,73.119009,0,0,0,0,0,0
101.2,0.35593,0.254739,0.24008,0.125526,72.701135,72.734394,0,0,0,0,0,0
101.3,0.3553,0.254109,0.23934,0.124786,72.701135,72.29912,0,0,0,0,0,0
101.4,0.353681,0.25249,0.234971,0.120417,72.528865,71.863846,0,0,0,0,0,0
101.5,0.353026,0.251835,0.231839,0.117285,72.064915,71.702926,0,0,0,0,0,0
101.6,0.354244,0.253053,0.232978,0.118424,71.720088,71.536408,0,0,0,0,0,0
101.7,0.355552,0.254361,0.235505,0.120951,71.284814,71.290794,0,0,0,0,0,0
101.8,0.357466,0.256275,0.239004,0.12445,70.849539,71.118524,0,0,0,0,0,0
101.9,0.358935,0.257744,0.242296,0.127742,70.546891,70.761895,0,0,0,0,0,0
102,0.360062,0.258871,0.2453,0.130746,70.247607,70.544434,0,0,0,0,0,0
102.1,0.3603,0.259109,0.247355,0.132801,69.944959,70.154703,0,0,0,0,0,0
102.2,0.357831,0.25664,0.244205,0.129651,69.555228,69.764972,0,0,0,0,0,0
102.3,0.354597,0.253406,0.239052,0.124498,69.42485,69.547511,0,0,0,0,0,0
102.4,0.352453,0.251262,0.23623,0.121676,69.161846,69.465688,0,0,0,0,0,0
102.5,0.351888,0.250697,0.237001,0.122447,69.000926,69.220074,0,0,0,0,0,0
102.6,0.35156,0.250369,0.238868,0.124314,68.94032,69.159468,0,0,0,0,0,0
102.7,0.352014,0.250823,0.24157,0.127016,68.94032,69.289846,0,0,0,0,0,0
102.8,0.352271,0.25108,0.243939,0.129385,68.849873,69.55285,0,0,0,0,0,0
102.9,0.351915,0.250724,0.246127,0.131573,68.548555,69.631495,0,0,0,0,0,0
103,0.349587,0.248396,0.245358,0.130804,68.629363,69.409273,0,0,0,0,0,0
103.1,0.345441,0.24425,0.240507,0.125953,68.591049,69.07029,0,0,0,0,0,0
103.2,0.340762,0.239571,0.234115,0.119561,68.441624,68.886381,0,0,0,0,0,0
103.3,0.337474,0.236283,0.229949,0.115395,68.625532,68.623377,0,0,0,0,0,0
103.4,0.33556,0.234369,0.230411,0.115857,68.676814,68.652138,0,0,0,0,0,0
103.5,0.333468,0.232277,0.232502,0.117948,68.815179,68.790503,0,0,0,0,0,0
103.6,0.331257,0.230066,0.235041,0.120487,68.761198,68.823604,0,0,0,0,0,0
103.7,0.329006,0.227815,0.237538,0.122984,68.761198,68.778061,0,0,0,0,0,0
103.8,0.327048,0.225857,0.239175,0.124621,68.674115,68.732518,0,0,0,0,0,0
103.9,0.32254,0.221349,0.235717,0.121163,68.674115,68.576919,0,0,0,0,0,0
104,0.317513,0.216322,0.230674,0.11612,68.490207,68.393011,0,0,0,0,0,0
104.1,0.310996,0.209805,0.224769,0.110215,68.306299,68.133124,0,0,0,0,0,0
104.2,0.306218,0.205027,0.219658,0.105104,68.043295,67.794141,0,0,0,0,0,0
104.3,0.304168,0.202977,0.219709,0.105155,67.805872,67.455158,0,0,0,0,0,0
104.4,0.302955,0.201764,0.222174,0.10762,67.844187,67.300534,0,0,0,0,0,0
104.5,0.302215,0.201024,0.225497,0.110943,67.882501,67.262869,0,0,0,0,0,0
104.6,0.301857,0.200666,0.228855,0.114301,67.77139,67.338848,0,0,0,0,0,0
104.7,0.299656,0.198465,0.228673,0.114119,67.844836,67.338848,0,0,0,0,0,0
104.8,0.295865,0.194674,0.224013,0.109459,67.541806,67.522756,0,0,0,0,0,0
104.9,0.29206,0.190869,0.218258,0.103704,67.238775,67.415351,0,0,0,0,0,0
105,0.287576,0.186385,0.211884,0.09733,67.016553,67.155464,0,0,0,0,0,0
105.1,0.284133,0.182942,0.205976,0.091422,67.373182,66.927394,0,0,0,0,0,0
105.2,0.282832,0.181641,0.204628,0.090074,67.511547,66.808271,0,0,0,0,0,0
105.3,0.283771,0.18258,0.206678,0.092124,67.649912,66.732292,0,0,0,0,0,0
105.4,0.284448,0.183257,0.209202,0.094648,67.611598,66.475462,0,0,0,0,0,0
105.5,0.284854,0.183663,0.2121,0.097546,67.492476,66.475462,0,0,0,0,0,0
105.6,0.283448,0.182257,0.21103,0.096476,67.373353,66.551441,0,0,0,0,0,0
105.7,0.280548,0.179357,0.205661,0.091107,67.254231,66.734825,0,0,0,0,0,0
105.8,0.277397,0.176206,0.199329,0.084775,67.027703,66.734825,0,0,0,0,0,0
105.9,0.2732,0.172009,0.192525,0.077971,66.80724,66.661379,0,0,0,0,0,0
106,0.269281,0.16809,0.186107,0.071553,66.731261,66.587932,0,0,0,0,0,0
106.1,0.267876,0.166685,0.184203,0.069649,66.804707,66.46881,0,0,0,0,0,0
106.2,0.267731,0.16654,0.186063,0.071509,66.804707,66.349688,0,0,0,0,0,0
106.3,0.266528,0.165337,0.188835,0.074281,66.92383,66.016355,0,0,0,0,0,0
106.4,0.265808,0.164617,0.192456,0.077902,66.966973,66.016355,0,0,0,0,0,0
106.5,0.263262,0.162071,0.193085,0.078531,66.929308,66.276242,0,0,0,0,0,0
106.6,0.259019,0.157828,0.189151,0.074597,66.374912,66.533072,0,0,0,0,0,0
106.7,0.254794,0.153603,0.18392,0.069366,66.041578,66.576215,0,0,0,0,0,0
106.8,0.250425,0.149234,0.178374,0.06382,65.708245,66.431731,0,0,0,0,0,0
106.9,0.246666,0.145475,0.173375,0.058821,65.597134,66.431731,0,0,0,0,0,0
107,0.245486,0.144295,0.172968,0.058414,65.677942,66.312609,0,0,0,0,0,0
107.1,0.246035,0.144844,0.17554,0.060986,65.797064,66.193486,0,0,0,0,0,0
107.2,0.24701,0.145819,0.178837,0.064283,65.840207,65.966959,0,0,0,0,0,0
107.3,0.248937,0.147746,0.182995,0.068441,65.95933,66.042938,0,0,0,0,0,0
107.4,0.248635,0.147444,0.183647,0.069093,66.179793,66.376271,0,0,0,0,0,0
107.5,0.247094,0.145903,0.18061,0.066056,66.255772,66.709604,0,0,0,0,0,0
107.6,0.244862,0.143671,0.176429,0.061875,66.212629,67.012635,0,0,0,0,0,0
107.7,0.242283,0.141092,0.171844,0.05729,66.068144,66.982332,0,0,0,0,0,0
107.8,0.240731,0.13954,0.169152,0.054598,66.068144,67.012635,0,0,0,0,0,0
107.9,0.241952,0.140761,0.171227,0.056673,66.328031,66.893512,0,0,0,0,0,0
108,0.243737,0.142546,0.175458,0.060904,66.587918,66.590482,0,0,0,0,0,0
108.1,0.245373,0.144182,0.180068,0.065514,66.707041,66.363955,0,0,0,0,0,0
108.2,0.248238,0.147047,0.185361,0.070807,66.818152,66.518578,0,0,0,0,0,0
108.3,0.248508,0.147317,0.187412,0.072858,66.967577,66.92295,0,0,0,0,0,0
108.4,0.247306,0.146115,0.185214,0.07066,67.117002,67.256283,0,0,0,0,0,0
108.5,0.245234,0.144043,0.181149,0.066595,67.079338,67.375406,0,0,0,0,0,0
108.6,0.243345,0.142154,0.177138,0.062584,67.003359,67.345103,0,0,0,0,0,0
108.7,0.243368,0.142177,0.176853,0.062299,67.041023,67.345103,0,0,0,0,0,0
108.8,0.244281,0.14309,0.179938,0.065384,67.041023,67.306788,0,0,0,0,0,0
108.9,0.245519,0.144328,0.18423,0.069676,66.965044,67.003758,0,0,0,0,0,0
109,0.247531,0.14634,0.188948,0.074394,66.965044,66.700728,0,0,0,0,0,0
109.1,0.25067,0.149479,0.193823,0.079269,67.084167,66.779824,0,0,0,0,0,0
109.2,0.2521,0.150909,0.197367,0.082813,67.383275,67.113157,0,0,0,0,0,0
109.3,0.251438,0.150247,0.196355,0.081801,67.49068,67.416187,0,0,0,0,0,0
109.4,0.249467,0.148276,0.192683,0.078129,67.230793,67.459331,0,0,0,0,0,0
109.5,0.248797,0.147606,0.190141,0.075587,66.970906,67.429028,0,0,0,0,0,0
109.6,0.249204,0.148013,0.191831,0.077277,66.894927,67.509836,0,0,0,0,0,0
109.7,0.250939,0.149748,0.196056,0.081502,66.933242,67.392877,0,0,0,0,0,0
109.8,0.252891,0.1517,0.200517,0.085963,66.857263,67.170655,0,0,0,0,0,0
109.9,0.255323,0.154132,0.205255,0.090701,66.857263,66.986746,0,0,0,0,0,0
110,0.258105,0.156914,0.209913,0.095359,67.011886,67.249751,0,0,0,0,0,0
110.1,0.260331,0.15914,0.214058,0.099504,67.16651,67.583084,0,0,0,0,0,0
110.2,0.260043,0.158852,0.21383,0.099276,67.128846,67.886114,0,0,0,0,0,0
110.3,0.258097,0.156906,0.210249,0.095695,67.052867,68.031834,0,0,0,0,0,0
110.4,0.258067,0.156876,0.208726,0.094172,67.052867,68.074977,0,0,0,0,0,0
110.5,0.259474,0.158283,0.210746,0.096192,67.052867,68.11812,0,0,0,0,0,0
110.6,0.261976,0.160785,0.214907,0.100353,67.131511,67.816802,0,0,0,0,0,0
110.7,0.264529,0.163338,0.219399,0.104845,67.131511,67.59458,0,0,0,0,0,0
110.8,0.267206,0.166015,0.223986,0.109432,67.102751,67.410672,0,0,0,0,0,0
110.9,0.270134,0.168943,0.228368,0.113814,67.257375,67.749655,0,0,0,0,0,0
111,0.273136,0.171945,0.232563,0.118009,67.493452,68.162084,0,0,0,0,0,0
111.1,0.272902,0.171711,0.232441,0.117887,67.676837,68.384306,0,0,0,0,0,0
111.2,0.27107,0.169879,0.228658,0.114104,67.600858,68.685625,0,0,0,0,0,0
111.3,0.270892,0.169701,0.226303,0.111749,67.600858,68.769482,0,0,0,0,0,0
111.4,0.271873,0.170682,0.227518,0.112964,67.600858,68.693503,0,0,0,0,0,0
111.5,0.273653,0.172462,0.230634,0.11608,67.600858,68.392185,0,0,0,0,0,0
111.6,0.275534,0.174343,0.233955,0.119401,67.522213,68.169963,0,0,0,0,0,0
111.7,0.277565,0.176374,0.237476,0.122922,67.676837,68.0647,0,0,0,0,0,0
111.8,0.279209,0.178018,0.24025,0.125696,67.912914,68.302122,0,0,0,0,0,0
111.9,0.281023,0.179832,0.242963,0.128409,68.172801,68.722928,0,0,0,0,0,0
112,0.280025,0.178834,0.240958,0.126404,68.356709,68.982815,0,0,0,0,0,0
112.1,0.27804,0.176849,0.236254,0.1217,68.278064,69.284134,0,0,0,0,0,0
112.2,0.277056,0.175865,0.232882,0.118328,68.199419,69.322448,0,0,0,0,0,0
112.3,0.277483,0.176292,0.233319,0.118765,68.120775,69.246469,0,0,0,0,0,0
112.4,0.278556,0.177365,0.235643,0.121089,68.149535,68.945151,0,0,0,0,0,0
112.5,0.279561,0.17837,0.238216,0.123662,68.068081,68.643832,0,0,0,0,0,0
112.6,0.281405,0.180214,0.241169,0.126615,68.039321,68.459924,0,0,0,0,0,0
112.7,0.282945,0.181754,0.243609,0.129055,68.193945,68.459924,0,0,0,0,0,0
112.8,0.283505,0.182314,0.244477,0.129923,68.377329,68.598289,0,0,0,0,0,0
112.9,0.281085,0.179894,0.240442,0.125888,68.484734,68.858176,0,0,0,0,0,0
113,0.277941,0.17675,0.234512,0.119958,68.33011,69.159494,0,0,0,0,0,0
113.1,0.275995,0.174804,0.229513,0.114959,68.254131,69.12183,0,0,0,0,0,0
113.2,0.275508,0.174317,0.228895,0.114341,68.175487,68.967206,0,0,0,0,0,0
113.3,0.275847,0.174656,0.230245,0.115691,68.094033,68.622378,0,0,0,0,0,0
113.4,0.276298,0.175107,0.231797,0.117243,67.98877,68.27755,0,0,0,0,0,0
113.5,0.277144,0.175953,0.233444,0.11889,67.883507,68.093642,0,0,0,0,0,0
113.6,0.277152,0.175961,0.234409,0.119855,67.962152,67.830638,0,0,0,0,0,0
113.7,0.275436,0.174245,0.231507,0.116953,68.040796,67.830638,0,0,0,0,0,0
113.8,0.27233,0.171139,0.225471,0.110917,68.040796,67.830638,0,0,0,0,0,0
113.9,0.268496,0.167305,0.218457,0.103903,67.857412,67.792974,0,0,0,0,0,0
114,0.266065,0.164874,0.213503,0.098949,67.702788,67.755309,0,0,0,0,0,0
114.1,0.265187,0.163996,0.212509,0.097955,67.731549,67.939217,0,0,0,0,0,0
114.2,0.264629,0.163438,0.212718,0.098164,67.652904,68.111487,0,0,0,0,0,0
114.3,0.264085,0.162894,0.213279,0.098725,67.545499,68.272406,0,0,0,0,0,0
114.4,0.263782,0.162591,0.213937,0.099383,67.438093,68.050184,0,0,0,0,0,0
114.5,0.262284,0.161093,0.21294,0.098386,67.514072,67.748866,0,0,0,0,0,0
114.6,0.259454,0.158263,0.207523,0.092969,67.590051,67.786531,0,0,0,0,0,0
114.7,0.255082,0.153891,0.199773,0.085219,67.590051,67.824196,0,0,0,0,0,0
114.8,0.250928,0.149737,0.192375,0.077821,67.435427,67.67477,0,0,0,0,0,0
114.9,0.24868,0.147489,0.188821,0.074267,67.356782,67.858678,0,0,0,0,0,0
115,0.247885,0.146694,0.188286,0.073732,67.385543,68.042586,0,0,0,0,0,0
115.1,0.247143,0.145952,0.188577,0.074023,67.306898,68.226494,0,0,0,0,0,0
115.2,0.247234,0.146043,0.189495,0.074941,67.228253,68.305139,0,0,0,0,0,0
115.3,0.246773,0.145582,0.190135,0.075581,67.152274,68.342804,0,0,0,0,0,0
115.4,0.244768,0.143577,0.188387,0.073833,67.189939,68.380469,0,0,0,0,0,0
115.5,0.240802,0.139611,0.182435,0.067881,67.189939,68.418134,0,0,0,0,0,0
115.6,0.236199,0.135008,0.174827,0.060273,67.006555,68.195911,0,0,0,0,0,0
115.7,0.232366,0.131175,0.168006,0.053452,66.930576,67.722323,0,0,0,0,0,0
115.8,0.230437,0.129246,0.165562,0.051008,66.854597,67.561404,0,0,0,0,0,0
115.9,0.229802,0.128611,0.165955,0.051401,66.933242,67.783626,0,0,0,0,0,0
116,0.229502,0.128311,0.166691,0.052137,66.933242,68.005848,0,0,0,0,0,0
116.1,0.230244,0.129053,0.168196,0.053642,66.933242,68.005848,0,0,0,0,0,0
116.2,0.230448,0.129257,0.16927,0.054716,66.933242,68.005848,0,0,0,0,0,0
116.3,0.229219,0.128028,0.168195,0.053641,67.116626,68.116959,0,0,0,0,0,0
116.4,0.225921,0.12473,0.162605,0.048051,67.116626,67.894737,0,0,0,0,0,0
116.5,0.222604,0.121413,0.15575,0.041196,66.933242,67.561404,0,0,0,0,0,0
116.6,0.219151,0.11796,0.149304,0.03475,66.857263,67.301517,0,0,0,0,0,0
116.7,0.218488,0.117297,0.147425,0.032871,66.781284,67.330277,0,0,0,0,0,0
116.8,0.218492,0.117301,0.148178,0.033624,66.857263,67.552499,0,0,0,0,0,0
116.9,0.218745,0.117554,0.149376,0.034822,66.895577,67.669458,0,0,0,0,0,0
117,0.219762,0.118571,0.15137,0.036816,67.050201,67.558347,0,0,0,0,0,0
117.1,0.220457,0.119266,0.15299,0.038436,67.12618,67.558347,0,0,0,0,0,0
117.2,0.220326,0.119135,0.152743,0.038189,67.309564,67.558347,0,0,0,0,0,0
117.3,0.217964,0.116773,0.147794,0.03324,67.385543,67.336125,0,0,0,0,0,0
117.4,0.214904,0.113713,0.141402,0.026848,67.230919,67.002792,0,0,0,0,0,0
117.5,0.213278,0.112087,0.136814,0.02226,67.15494,66.742905,0,0,0,0,0,0
117.6,0.213423,0.112232,0.13629,0.021736,67.078961,66.965127,0,0,0,0,0,0
117.7,0.213937,0.112746,0.137402,0.022848,67.078961,67.187349,0,0,0,0,0,0
117.8,0.215219,0.114028,0.139202,0.024648,67.050201,67.488667,0,0,0,0,0,0
117.9,0.216722,0.115531,0.141096,0.026542,67.128846,67.488667,0,0,0,0,0,0
118,0.218341,0.11715,0.14282,0.028266,67.364923,67.599778,0,0,0,0,0,0
118.1,0.218576,0.117385,0.143094,0.02854,67.62481,67.637443,0,0,0,0,0,0
118.2,0.216472,0.115281,0.138529,0.023975,67.808194,67.491724,0,0,0,0,0,0
118.3,0.214089,0.112898,0.132672,0.018118,67.808194,67.15839,0,0,0,0,0,0
118.4,0.212509,0.111318,0.128202,0.013648,67.732215,67.079745,0,0,0,0,0,0
118.5,0.213194,0.112003,0.128408,0.013854,67.577591,67.413079,0,0,0,0,0,0
118.6,0.214737,0.113546,0.130388,0.015834,67.577591,67.635301,0,0,0,0,0,0
118.7,0.216552,0.115361,0.133089,0.018535,67.470186,67.833714,0,0,0,0,0,0
118.8,0.21802,0.116829,0.135791,0.021237,67.548831,68.135032,0,0,0,0,0,0
118.9,0.220177,0.118986,0.138553,0.023999,67.887814,68.246143,0,0,0,0,0,0
119,0.22014,0.118949,0.138687,0.024133,68.147701,68.283808,0,0,0,0,0,0
119.1,0.218461,0.11727,0.135077,0.020523,68.407588,68.023921,0,0,0,0,0,0
119.2,0.21647,0.115279,0.130336,0.015782,68.407588,67.764034,0,0,0,0,0,0
119.3,0.21482,0.113629,0.126785,0.012231,68.252964,67.425051,0,0,0,0,0,0
119.4,0.216122,0.114931,0.127705,0.013151,68.09834,67.463365,0,0,0,0,0,0
119.5,0.21787,0.116679,0.130287,0.015733,67.938242,67.580324,0,0,0,0,0,0
119.6,0.219906,0.118715,0.133446,0.018892,67.754334,67.618638,0,0,0,0,0,0
119.7,0.221965,0.120774,0.136786,0.022232,67.725573,67.656952,0,0,0,0,0,0
119.8,0.223934,0.122743,0.13941,0.024856,67.909481,67.806378,0,0,0,0,0,0
119.9,0.223033,0.121842,0.137689,0.023135,68.169368,67.990286,0,0,0,0,0,0
120,0.221371,0.12018,0.13345,0.018896,68.352753,67.913783,0,0,0,0,0,0
120.1,0.21901,0.117819,0.128367,0.013813,68.352753,67.653896,0,0,0,0,0,0
120.2,0.217856,0.116665,0.125047,0.010493,68.203327,67.417818,0,0,0,0,0,0
120.3,0.219281,0.11809,0.126244,0.01169,68.00556,67.078835,0,0,0,0,0,0
120.4,0.220931,0.11974,0.128721,0.014167,67.666577,67.078835,0,0,0,0,0,0
120.5,0.223502,0.122311,0.13196,0.017406,67.333244,67.078835,0,0,0,0,0,0
120.6,0.225853,0.124662,0.135155,0.020601,67.41234,67.233459,0,0,0,0,0,0
120.7,0.227521,0.12633,0.137233,0.022679,67.596248,67.572442,0,0,0,0,0,0
120.8,0.226902,0.125711,0.134669,0.020115,67.856135,67.832329,0,0,0,0,0,0
120.9,0.225491,0.1243,0.129985,0.015431,68.195118,68.016237,0,0,0,0,0,0
121,0.223387,0.122196,0.124743,0.010189,68.045693,67.788167,0,0,0,0,0,0
121.1,0.222996,0.121805,0.12251,0.007956,67.896268,67.638742,0,0,0,0,0,0
121.2,0.224314,0.123123,0.124085,0.009531,67.6985,67.51962,0,0,0,0,0,0
121.3,0.225936,0.124745,0.126667,0.012113,67.39547,67.400497,0,0,0,0,0,0
121.4,0.227965,0.126774,0.130048,0.015494,67.211562,67.097467,0,0,0,0,0,0
121.5,0.229939,0.128748,0.133006,0.018452,67.367161,67.253066,0,0,0,0,0,0
121.6,0.231822,0.130631,0.135359,0.020805,67.551069,67.592049,0,0,0,0,0,0
121.7,0.230715,0.129524,0.13287,0.018316,67.884402,67.851936,0,0,0,0,0,0
121.8,0.228794,0.127603,0.12845,0.013896,68.187432,68.190919,0,0,0,0,0,0
121.9,0.226791,0.1256,0.123872,0.009318,68.113986,68.079808,0,0,0,0,0,0
122,0.226821,0.12563,0.123306,0.008752,68.187432,68.079808,0,0,0,0,0,0
122.1,0.2278,0.126609,0.124984,0.01043,67.886114,67.962849,0,0,0,0,0,0
122.2,0.228924,0.127733,0.127242,0.012688,67.663892,67.661531,0,0,0,0,0,0
122.3,0.230364,0.129173,0.129829,0.015275,67.742988,67.3585,0,0,0,0,0,0
122.4,0.231896,0.130705,0.132141,0.017587,67.742988,67.437596,0,0,0,0,0,0
122.5,0.231812,0.130621,0.132279,0.017725,68.076321,67.850026,0,0,0,0,0,0
122.6,0.229851,0.12866,0.128275,0.013721,68.409655,68.183359,0,0,0,0,0,0
122.7,0.227549,0.126358,0.123069,0.008515,68.791781,68.565485,0,0,0,0,0,0
122.8,0.225247,0.124056,0.118731,0.004177,68.761478,68.535182,0,0,0,0,0,0
122.9,0.225749,0.124558,0.118939,0.004385,68.723164,68.61599,0,0,0,0,0,0
123,0.226409,0.125218,0.120805,0.006251,68.46016,68.314672,0,0,0,0,0,0
123.1,0.227735,0.126544,0.123528,0.008974,68.276252,68.013354,0,0,0,0,0,0
123.2,0.229262,0.128071,0.126341,0.011787,68.170989,67.908091,0,0,0,0,0,0
123.3,0.230472,0.129281,0.128928,0.014374,68.170989,67.908091,0,0,0,0,0,0
123.4,0.230224,0.129033,0.129534,0.01498,68.504322,68.241424,0,0,0,0,0,0
123.5,0.227925,0.126734,0.125674,0.01112,68.687706,68.463646,0,0,0,0,0,0
123.6,0.225229,0.124038,0.120607,0.006053,68.72602,68.764965,0,0,0,0,0,0
123.7,0.224388,0.123197,0.119036,0.004482,68.764335,68.653853,0,0,0,0,0,0
123.8,0.224976,0.123785,0.120172,0.005618,68.534701,68.734662,0,0,0,0,0,0
123.9,0.22534,0.124149,0.122038,0.007484,68.271697,68.433343,0,0,0,0,0,0
124,0.226364,0.125173,0.124487,0.009933,68.087789,68.132025,0,0,0,0,0,0
124.1,0.227247,0.126056,0.126664,0.01211,67.982526,68.211121,0,0,0,0,0,0
124.2,0.229002,0.127811,0.129126,0.014572,67.798166,68.211121,0,0,0,0,0,0
124.3,0.229117,0.127926,0.12975,0.015196,68.1315,68.544454,0,0,0,0,0,0
124.4,0.226758,0.125567,0.125983,0.011429,68.169814,68.766677,0,0,0,0,0,0
124.5,0.224018,0.122827,0.121527,0.006973,68.169814,69.067995,0,0,0,0,0,0
124.6,0.223942,0.122751,0.121075,0.006521,68.353722,69.03033,0,0,0,0,0,0
124.7,0.224574,0.123383,0.122439,0.007885,68.458985,68.875706,0,0,0,0,0,0
124.8,0.225243,0.124052,0.124571,0.010017,68.458985,68.574388,0,0,0,0,0,0
124.9,0.22659,0.125399,0.127038,0.012484,68.353722,68.469125,0,0,0,0,0,0
125,0.227377,0.126186,0.129062,0.014508,68.324961,68.548221,0,0,0,0,0,0
125.1,0.228771,0.12758,0.13132,0.016766,68.403606,68.548221,0,0,0,0,0,0
125.2,0.228586,0.127395,0.131224,0.01667,68.403606,68.96065,0,0,0,0,0,0
125.3,0.22598,0.124789,0.127103,0.012549,68.370236,69.261968,0,0,0,0,0,0
125.4,0.223887,0.122696,0.123407,0.008853,68.370236,69.563287,0,0,0,0,0,0
125.5,0.223679,0.122488,0.123354,0.0088,68.554144,69.525622,0,0,0,0,0,0
125.6,0.224148,0.122957,0.124447,0.009893,68.659407,69.308161,0,0,0,0,0,0
125.7,0.22473,0.123539,0.126024,0.01147,68.843766,69.123802,0,0,0,0,0,0
125.8,0.225466,0.124275,0.127659,0.013105,68.819957,69.018539,0,0,0,0,0,0
125.9,0.22564,0.124449,0.128487,0.013933,68.980055,69.097635,0,0,0,0,0,0
126,0.227187,0.125996,0.129646,0.015092,69.163963,69.097635,0,0,0,0,0,0
126.1,0.226177,0.124986,0.127305,0.012751,69.163963,69.357522,0,0,0,0,0,0
126.2,0.22414,0.122949,0.12184,0.007286,69.243059,69.617409,0,0,0,0,0,0
126.3,0.223005,0.121814,0.118251,0.003697,69.415102,69.839631,0,0,0,0,0,0
126.4,0.222941,0.12175,0.117445,0.002891,69.520366,69.944894,0,0,0,0,0,0
126.5,0.222843,0.121652,0.117826,0.003272,69.625629,69.865798,0,0,0,0,0,0
126.6,0.223495,0.122304,0.118923,0.004369,69.625629,69.762893,0,0,0,0,0,0
126.7,0.223795,0.122604,0.119743,0.005189,69.758255,69.844716,0,0,0,0,0,0
126.8,0.224622,0.123431,0.120176,0.005622,69.803798,69.714338,0,0,0,0,0,0
126.9,0.224843,0.123652,0.120152,0.005598,69.849341,69.58396,0,0,0,0,0,0
127,0.22259,0.121399,0.115719,0.001165,69.665433,69.705482,0,0,0,0,0,0
127.1,0.219486,0.118295,0.109437,-0.005117,69.614151,69.792565,0,0,0,0,0,0
127.2,0.218096,0.116905,0.106197,-0.008357,69.614151,69.976924,0,0,0,0,0,0
127.3,0.217825,0.116634,0.105762,-0.008792,69.637961,70.082187,0,0,0,0,0,0
127.4,0.217669,0.116478,0.106311,-0.008243,69.66177,70.003091,0,0,0,0,0,0
127.5,0.218099,0.116908,0.107665,-0.006889,69.556507,70.084915,0,0,0,0,0,0
127.6,0.218152,0.116961,0.108552,-0.006002,69.532698,69.979652,0,0,0,0,0,0
127.7,0.218262,0.117071,0.109182,-0.005372,69.315237,69.841287,0,0,0,0,0,0
127.8,0.217399,0.116208,0.108118,-0.006436,69.004829,69.619065,0,0,0,1,0,0
